Date,Children apprehended and placed in CBP custody*,Children in CBP custody,Children transferred out of CBP custody,Children in HHS Care,Children discharged from HHS Care,Transfer_Anomaly,Discharge_Anomaly,Total System Load,Net Intake Pressure,Daily Load Change,Care Load Growth Rate,7D Net Intake,14D Net Intake,Backlog Accumulation,Reporting Available
2023-01-12,33.0,53.0,34.0,6566,436.0,False,False,6619.0,-402.0,,,-402.0,-402.0,0.0,True
2023-01-22,32.0,49.0,39.0,7122,227.0,False,False,7171.0,-188.0,552.0,8.339628342649942,-295.0,-295.0,0.0,True
2023-01-23,32.0,50.0,39.0,7280,181.0,False,False,7330.0,-142.0,159.0,2.2172639799191263,-244.0,-244.0,0.0,True
2023-01-24,47.0,42.0,47.0,7433,175.0,True,False,7475.0,-128.0,145.0,1.9781718963165051,-215.0,-215.0,0.0,True
2023-01-25,20.0,22.0,41.0,7538,180.0,True,False,7560.0,-139.0,85.0,1.1371237458194017,-199.8,-199.8,0.0,True
2023-01-29,23.0,45.0,11.0,7472,303.0,False,False,7517.0,-292.0,-43.0,-0.5687830687830742,-215.16666666666666,-215.16666666666666,0.0,True
2023-01-30,34.0,54.0,29.0,7743,196.0,False,False,7797.0,-167.0,280.0,3.7248902487694524,-208.28571428571428,-208.28571428571428,0.0,True
2023-01-31,26.0,36.0,36.0,7803,158.0,False,False,7839.0,-122.0,42.0,0.538668718737978,-168.28571428571428,-197.5,0.0,True
2023-02-01,25.0,32.0,27.0,7903,231.0,False,False,7935.0,-204.0,96.0,1.2246460007653948,-170.57142857142858,-198.22222222222223,0.0,True
2023-02-02,15.0,13.0,23.0,7879,298.0,True,False,7892.0,-275.0,-43.0,-0.5419029615627013,-189.57142857142858,-205.9,0.0,True
2023-02-05,16.0,18.0,15.0,7586,342.0,False,False,7604.0,-327.0,-288.0,-3.6492650785605707,-218.0,-216.9090909090909,0.0,True
2023-02-06,11.0,22.0,12.0,7720,196.0,False,False,7742.0,-184.0,138.0,1.8148342977380327,-224.42857142857142,-214.16666666666666,0.0,True
2023-02-07,16.0,20.0,20.0,7855,200.0,False,False,7875.0,-180.0,133.0,1.7179023508137492,-208.42857142857142,-211.53846153846155,0.0,True
2023-02-08,93.0,196.0,169.0,7915,317.0,False,False,8111.0,-148.0,236.0,2.9968253968253977,-205.71428571428572,-207.0,0.0,True
2023-02-09,124.0,234.0,161.0,7908,353.0,False,False,8142.0,-192.0,31.0,0.3821970163974786,-215.71428571428572,-192.0,0.0,True
2023-02-12,92.0,203.0,173.0,7434,317.0,False,False,7637.0,-144.0,-505.0,-6.202407270940801,-207.14285714285714,-188.85714285714286,0.0,True
2023-02-13,186.0,259.0,172.0,7483,244.0,False,False,7742.0,-72.0,105.0,1.3748854262144894,-178.14285714285714,-183.85714285714286,0.0,True
2023-02-14,154.0,225.0,220.0,7794,223.0,False,False,8019.0,-3.0,277.0,3.577886850942913,-131.85714285714286,-174.92857142857142,0.0,True
2023-02-15,91.0,199.0,172.0,7869,290.0,False,False,8068.0,-118.0,49.0,0.6110487591969083,-122.42857142857143,-173.42857142857142,0.0,True
2023-02-16,81.0,213.0,153.0,7793,361.0,False,False,8006.0,-208.0,-62.0,-0.7684680218145723,-126.42857142857143,-167.42857142857142,0.0,True
2023-02-20,209.0,285.0,184.0,7817,209.0,False,False,8102.0,-25.0,96.0,1.1991006744941357,-108.85714285714286,-157.28571428571428,0.0,True
2023-02-21,184.0,314.0,217.0,7967,213.0,False,False,8281.0,4.0,179.0,2.209331029375461,-80.85714285714286,-148.28571428571428,4.0,True
2023-02-22,107.0,215.0,230.0,7978,232.0,True,False,8193.0,-2.0,-88.0,-1.0626735901461126,-60.57142857142857,-133.85714285714286,4.0,True
2023-02-23,101.0,162.0,178.0,7914,386.0,True,False,8076.0,-208.0,-117.0,-1.42804833394361,-80.0,-129.07142857142858,4.0,True
2023-02-26,99.0,190.0,176.0,7609,323.0,False,False,7799.0,-147.0,-277.0,-3.42991579990094,-100.57142857142857,-116.21428571428571,4.0,True
2023-02-27,167.0,239.0,166.0,7800,248.0,False,False,8039.0,-82.0,240.0,3.077317604821128,-95.42857142857143,-108.92857142857143,4.0,True
2023-02-28,115.0,216.0,169.0,7896,200.0,False,False,8112.0,-31.0,73.0,0.9080731434258027,-70.14285714285714,-98.28571428571429,4.0,True
2023-03-01,84.0,158.0,193.0,7930,307.0,True,False,8088.0,-114.0,-24.0,-0.295857988165682,-82.85714285714286,-95.85714285714286,4.0,True
2023-03-02,130.0,227.0,192.0,7870,335.0,False,False,8097.0,-143.0,9.0,0.1112759643916883,-103.85714285714286,-92.35714285714286,4.0,True
2023-03-07,88.0,214.0,160.0,7859,259.0,False,False,8073.0,-99.0,-24.0,-0.2964060763245624,-117.71428571428571,-89.14285714285714,4.0,True
2023-03-08,113.0,208.0,159.0,7885,291.0,False,False,8093.0,-132.0,20.0,0.24773937817414993,-106.85714285714286,-93.42857142857143,4.0,True
2023-03-09,174.0,285.0,150.0,7786,340.0,False,False,8071.0,-190.0,-22.0,-0.27183986160880247,-113.0,-106.78571428571429,4.0,True
2023-03-13,104.0,230.0,206.0,7567,249.0,False,False,7797.0,-43.0,-274.0,-3.3948705240986254,-107.42857142857143,-101.42857142857143,4.0,True
2023-03-14,147.0,276.0,214.0,7810,181.0,False,False,8086.0,33.0,289.0,3.70655380274465,-98.28571428571429,-84.21428571428571,37.0,True
2023-03-15,108.0,220.0,213.0,7915,286.0,False,False,8135.0,-73.0,49.0,0.6059856542171671,-92.42857142857143,-87.64285714285714,37.0,True
2023-03-16,180.0,280.0,146.0,7989,308.0,False,False,8269.0,-162.0,134.0,1.647203441917644,-95.14285714285714,-99.5,37.0,True
2023-03-19,134.0,294.0,186.0,7885,306.0,False,False,8179.0,-120.0,-90.0,-1.0884024670455905,-98.14285714285714,-107.92857142857143,37.0,True
2023-03-20,202.0,313.0,158.0,7931,279.0,False,False,8244.0,-121.0,65.0,0.7947181807066883,-96.57142857142857,-101.71428571428571,37.0,True
2023-03-21,110.0,272.0,193.0,8050,221.0,False,False,8322.0,-28.0,78.0,0.9461426491994107,-73.42857142857143,-93.21428571428571,37.0,True
2023-03-22,166.0,277.0,229.0,8097,246.0,False,False,8374.0,-17.0,52.0,0.6248497957221932,-69.71428571428571,-88.57142857142857,37.0,True
2023-03-23,136.0,276.0,178.0,8102,331.0,False,False,8378.0,-153.0,4.0,0.04776689754000252,-96.28571428571429,-97.28571428571429,37.0,True
2023-03-26,87.0,246.0,173.0,7847,352.0,False,False,8093.0,-179.0,-285.0,-3.4017665313917367,-111.42857142857143,-101.92857142857143,37.0,True
2023-03-27,84.0,171.0,157.0,7994,235.0,False,False,8165.0,-78.0,72.0,0.8896577289015273,-99.42857142857143,-97.28571428571429,37.0,True
2023-03-28,167.0,209.0,157.0,8079,223.0,False,False,8288.0,-66.0,123.0,1.5064298836497292,-91.71428571428571,-94.92857142857143,37.0,True
2023-03-29,109.0,245.0,159.0,8208,267.0,False,False,8453.0,-108.0,165.0,1.9908301158301223,-89.85714285714286,-93.21428571428571,37.0,True
2023-03-30,156.0,256.0,176.0,8158,359.0,False,False,8414.0,-183.0,-39.0,-0.4613746598840618,-112.0,-92.71428571428571,37.0,True
2023-04-02,125.0,232.0,192.0,7981,304.0,False,False,8213.0,-112.0,-201.0,-2.388875683384839,-125.57142857142857,-97.64285714285714,37.0,True
2023-04-03,118.0,139.0,168.0,8054,284.0,True,False,8193.0,-116.0,-20.0,-0.24351637647631597,-120.28571428571429,-108.28571428571429,37.0,True
2023-04-04,142.0,235.0,139.0,8068,259.0,False,False,8303.0,-120.0,110.0,1.3426095447333086,-111.85714285714286,-111.64285714285714,37.0,True
2023-04-05,148.0,245.0,175.0,8175,260.0,False,False,8420.0,-85.0,117.0,1.4091292303986425,-112.85714285714286,-106.14285714285714,37.0,True
2023-04-06,119.0,219.0,210.0,8178,284.0,False,False,8397.0,-74.0,-23.0,-0.2731591448931092,-114.0,-102.85714285714286,37.0,True
2023-04-09,105.0,210.0,149.0,7900,329.0,False,False,8110.0,-180.0,-287.0,-3.4178873407169186,-124.28571428571429,-107.07142857142857,37.0,True
2023-04-10,143.0,203.0,163.0,7826,265.0,False,False,8029.0,-102.0,-81.0,-0.998766954377317,-112.71428571428571,-112.35714285714286,37.0,True
2023-04-11,119.0,209.0,152.0,7922,187.0,False,False,8131.0,-35.0,102.0,1.2703948187819059,-101.71428571428571,-113.64285714285714,37.0,True
2023-04-12,155.0,212.0,181.0,7876,283.0,False,False,8088.0,-102.0,-43.0,-0.5288402410527637,-99.71428571428571,-110.0,37.0,True
2023-04-13,109.0,214.0,173.0,7795,370.0,False,False,8009.0,-197.0,-79.0,-0.97675568743818,-110.71428571428571,-111.28571428571429,37.0,True
2023-04-16,191.0,283.0,192.0,7380,272.0,False,False,7663.0,-80.0,-346.0,-4.320139842676984,-110.0,-111.42857142857143,37.0,True
2023-04-17,170.0,297.0,196.0,7344,248.0,False,False,7641.0,-52.0,-22.0,-0.2870938274827095,-106.85714285714286,-110.42857142857143,37.0,True
2023-04-18,152.0,272.0,214.0,7376,234.0,False,False,7648.0,-20.0,7.0,0.0916110456746555,-84.0,-104.14285714285714,37.0,True
2023-04-19,239.0,367.0,224.0,7356,229.0,False,False,7723.0,-5.0,75.0,0.9806485355648542,-70.14285714285714,-91.42857142857143,37.0,True
2023-04-20,113.0,280.0,237.0,7490,320.0,False,False,7770.0,-83.0,47.0,0.6085717985238936,-77.0,-89.35714285714286,37.0,True
2023-04-23,196.0,306.0,187.0,7534,266.0,False,False,7840.0,-79.0,70.0,0.9009009009008917,-73.71428571428571,-86.71428571428571,37.0,True
2023-04-24,236.0,330.0,222.0,7796,213.0,False,False,8126.0,9.0,286.0,3.647959183673466,-44.285714285714285,-77.5,46.0,True
2023-04-25,81.0,230.0,242.0,8017,202.0,True,False,8247.0,40.0,121.0,1.4890475018459304,-27.142857142857142,-68.57142857142857,86.0,True
2023-04-26,118.0,245.0,160.0,8117,256.0,False,False,8362.0,-96.0,115.0,1.3944464653813604,-33.42857142857143,-70.14285714285714,86.0,True
2023-04-27,218.0,283.0,208.0,8159,310.0,False,False,8442.0,-102.0,80.0,0.9567089213107005,-45.142857142857146,-64.57142857142857,86.0,True
2023-04-30,132.0,243.0,183.0,8352,293.0,False,False,8595.0,-110.0,153.0,1.8123667377398789,-60.142857142857146,-65.14285714285714,86.0,True
2023-05-01,224.0,315.0,152.0,8492,237.0,False,False,8807.0,-85.0,212.0,2.4665503199534644,-60.42857142857143,-68.71428571428571,86.0,True
2023-05-02,167.0,326.0,213.0,8654,245.0,False,False,8980.0,-32.0,173.0,1.964346542522999,-53.714285714285715,-63.714285714285715,86.0,True
2023-05-03,209.0,353.0,232.0,8704,267.0,False,False,9057.0,-35.0,77.0,0.8574610244988845,-60.0,-52.142857142857146,86.0,True
2023-05-04,153.0,253.0,286.0,8790,332.0,True,False,9043.0,-46.0,-14.0,-0.15457657060836683,-72.28571428571429,-49.714285714285715,86.0,True
2023-05-07,180.0,337.0,219.0,8485,375.0,False,False,8822.0,-156.0,-221.0,-2.4438792436138446,-80.85714285714286,-57.142857142857146,86.0,True
2023-05-08,133.0,287.0,189.0,8590,261.0,False,False,8877.0,-72.0,55.0,0.6234413965087171,-76.57142857142857,-60.857142857142854,86.0,True
2023-05-09,187.0,310.0,247.0,8606,250.0,False,False,8916.0,-3.0,39.0,0.4393376140588101,-61.285714285714285,-60.714285714285715,86.0,True
2023-05-10,168.0,285.0,210.0,8681,304.0,False,False,8966.0,-94.0,50.0,0.56078959174517,-62.57142857142857,-61.5,86.0,True
2023-05-11,269.0,412.0,204.0,8672,392.0,False,False,9084.0,-188.0,118.0,1.3160829801472262,-84.85714285714286,-69.28571428571429,86.0,True
2023-05-14,100.0,255.0,236.0,8445,288.0,False,False,8700.0,-52.0,-384.0,-4.227212681638049,-87.28571428571429,-73.64285714285714,86.0,True
2023-05-15,205.0,294.0,177.0,8571,277.0,False,False,8865.0,-100.0,165.0,1.8965517241379404,-95.0,-83.64285714285714,86.0,True
2023-05-16,161.0,304.0,211.0,8572,272.0,False,False,8876.0,-61.0,11.0,0.12408347433727762,-81.42857142857143,-81.14285714285714,86.0,True
2023-05-17,57.0,162.0,193.0,8569,307.0,True,False,8731.0,-114.0,-145.0,-1.6336187471834185,-87.42857142857143,-82.0,86.0,True
2023-05-18,80.0,122.0,152.0,8474,351.0,True,False,8596.0,-199.0,-135.0,-1.5462146374985664,-115.42857142857143,-88.35714285714286,86.0,True
2023-05-21,107.0,170.0,133.0,7826,343.0,False,False,7996.0,-210.0,-600.0,-6.979990693345739,-132.0,-97.28571428571429,86.0,True
2023-05-22,99.0,156.0,139.0,7848,240.0,False,False,8004.0,-101.0,8.0,0.10005002501249916,-119.57142857142857,-102.21428571428571,86.0,True
2023-05-23,25.0,66.0,94.0,7788,246.0,True,False,7854.0,-152.0,-150.0,-1.874062968515744,-133.85714285714286,-110.57142857142857,86.0,True
2023-05-24,35.0,70.0,53.0,7709,276.0,False,False,7779.0,-223.0,-75.0,-0.9549274255156615,-151.42857142857142,-123.21428571428571,86.0,True
2023-05-25,43.0,73.0,64.0,7546,408.0,False,False,7619.0,-344.0,-160.0,-2.056819642627583,-191.85714285714286,-136.64285714285714,86.0,True
2023-05-29,41.0,60.0,71.0,6996,207.0,True,False,7056.0,-136.0,-563.0,-7.389421183882394,-195.0,-141.21428571428572,86.0,True
2023-05-30,65.0,83.0,65.0,7046,168.0,False,False,7129.0,-103.0,73.0,1.0345804988662222,-181.28571428571428,-148.35714285714286,86.0,True
2023-05-31,38.0,80.0,82.0,7053,210.0,True,False,7133.0,-128.0,4.0,0.05610885117126596,-169.57142857142858,-150.78571428571428,86.0,True
2023-06-01,56.0,82.0,68.0,7002,287.0,False,False,7084.0,-219.0,-49.0,-0.6869479882237517,-186.42857142857142,-153.0,86.0,True
2023-06-04,74.0,103.0,80.0,6555,292.0,False,False,6658.0,-212.0,-426.0,-6.013551665725581,-195.0,-164.42857142857142,86.0,True
2023-06-05,68.0,107.0,102.0,6523,189.0,False,False,6630.0,-87.0,-28.0,-0.4205467107239458,-175.57142857142858,-163.5,86.0,True
2023-06-06,92.0,124.0,93.0,6508,187.0,False,False,6632.0,-94.0,2.0,0.030165912518853588,-139.85714285714286,-165.85714285714286,86.0,True
2023-06-07,113.0,162.0,107.0,6483,208.0,False,False,6645.0,-101.0,13.0,0.19601930036188264,-134.85714285714286,-164.92857142857142,86.0,True
2023-06-08,106.0,196.0,131.0,6446,255.0,False,False,6642.0,-124.0,-3.0,-0.04514672686229959,-137.85714285714286,-159.57142857142858,86.0,True
2023-06-11,86.0,152.0,168.0,6007,238.0,True,False,6159.0,-70.0,-483.0,-7.271906052393861,-129.57142857142858,-149.57142857142858,86.0,True
2023-06-12,84.0,118.0,136.0,6021,177.0,True,False,6139.0,-41.0,-20.0,-0.32472804026627555,-104.14285714285714,-145.28571428571428,86.0,True
2023-06-13,59.0,64.0,117.0,6061,146.0,True,False,6125.0,-29.0,-14.0,-0.22805017103763037,-78.0,-136.5,86.0,True
2023-06-14,62.0,97.0,52.0,6065,167.0,False,False,6162.0,-115.0,37.0,0.604081632653064,-82.0,-128.78571428571428,86.0,True
2023-06-15,91.0,75.0,97.0,6038,272.0,True,False,6113.0,-175.0,-49.0,-0.7951963648166194,-93.57142857142857,-116.71428571428571,86.0,True
2023-06-19,29.0,51.0,11.0,5679,142.0,False,False,5730.0,-131.0,-383.0,-6.265336168820546,-97.85714285714286,-116.35714285714286,86.0,True
2023-06-20,33.0,53.0,34.0,5904,134.0,False,False,5957.0,-100.0,227.0,3.961605584642225,-94.42857142857143,-116.14285714285714,86.0,True
2023-06-21,93.0,196.0,169.0,5922,149.0,False,False,6118.0,20.0,161.0,2.7027027027026973,-81.57142857142857,-105.57142857142857,106.0,True
2023-06-22,124.0,234.0,161.0,5956,207.0,False,False,6190.0,-46.0,72.0,1.1768551814318462,-82.28571428571429,-93.21428571428571,106.0,True
2023-06-25,92.0,203.0,173.0,5766,263.0,False,False,5969.0,-90.0,-221.0,-3.5702746365104954,-91.0,-84.5,106.0,True
2023-06-26,186.0,259.0,172.0,5819,174.0,False,False,6078.0,-2.0,109.0,1.8261015245434775,-74.85714285714286,-78.42857142857143,106.0,True
2023-06-27,154.0,225.0,220.0,5917,155.0,False,False,6142.0,65.0,64.0,1.0529779532741035,-40.57142857142857,-67.07142857142857,171.0,True
2023-06-28,91.0,199.0,172.0,5999,174.0,False,False,6198.0,-2.0,56.0,0.9117551286226044,-22.142857142857142,-60.0,171.0,True
2023-06-29,81.0,213.0,153.0,6058,213.0,False,False,6271.0,-60.0,73.0,1.177799290093584,-16.428571428571427,-55.42857142857143,171.0,True
2023-07-02,209.0,285.0,184.0,5903,309.0,False,False,6188.0,-125.0,-83.0,-1.3235528623823933,-37.142857142857146,-59.357142857142854,171.0,True
2023-07-04,184.0,314.0,217.0,6127,124.0,False,False,6441.0,93.0,253.0,4.088558500323214,-17.285714285714285,-49.785714285714285,264.0,True
2023-07-05,107.0,215.0,230.0,6193,167.0,True,False,6408.0,63.0,-33.0,-0.5123428039124356,4.571428571428571,-43.214285714285715,327.0,True
2023-07-06,101.0,162.0,178.0,6239,205.0,True,False,6401.0,-27.0,-7.0,-0.10923845193507864,1.0,-36.92857142857143,327.0,True
2023-07-09,99.0,190.0,176.0,6214,196.0,False,False,6404.0,-20.0,3.0,0.04686767692547722,-11.142857142857142,-25.857142857142858,327.0,True
2023-07-10,167.0,239.0,166.0,6346,163.0,False,False,6585.0,3.0,181.0,2.826358525921302,-10.428571428571429,-16.285714285714285,330.0,True
2023-07-11,115.0,216.0,169.0,6498,143.0,False,False,6714.0,26.0,129.0,1.9589977220956678,1.8571428571428572,-7.285714285714286,356.0,True
2023-07-12,84.0,158.0,193.0,6521,210.0,True,False,6679.0,-17.0,-35.0,-0.5212987786714307,17.285714285714285,-9.928571428571429,356.0,True
2023-07-13,130.0,227.0,192.0,6604,226.0,False,False,6831.0,-34.0,152.0,2.2757897888905587,-0.8571428571428571,-9.071428571428571,356.0,True
2023-07-16,88.0,214.0,160.0,6468,218.0,False,False,6682.0,-58.0,-149.0,-2.1812326160152273,-18.142857142857142,-6.785714285714286,356.0,True
2023-07-17,113.0,208.0,159.0,6632,160.0,False,False,6840.0,-1.0,158.0,2.3645615085303717,-14.428571428571429,-6.714285714285714,356.0,True
2023-07-18,174.0,285.0,150.0,6874,181.0,False,False,7159.0,-31.0,319.0,4.66374269005847,-16.0,-13.571428571428571,356.0,True
2023-07-19,104.0,230.0,206.0,7001,226.0,False,False,7231.0,-20.0,72.0,1.005727056851513,-19.285714285714285,-14.857142857142858,356.0,True
2023-07-20,147.0,276.0,214.0,7116,281.0,False,False,7392.0,-67.0,161.0,2.2265246853823806,-32.57142857142857,-15.357142857142858,356.0,True
2023-07-23,108.0,220.0,213.0,7052,276.0,False,False,7272.0,-63.0,-120.0,-1.6233766233766267,-39.142857142857146,-10.928571428571429,356.0,True
2023-07-24,180.0,280.0,146.0,7220,187.0,False,False,7500.0,-41.0,228.0,3.1353135313531455,-40.142857142857146,-20.5,356.0,True
2023-07-25,134.0,294.0,186.0,7510,136.0,False,False,7804.0,50.0,304.0,4.053333333333331,-24.714285714285715,-21.428571428571427,406.0,True
2023-07-26,202.0,313.0,158.0,7647,215.0,False,False,7960.0,-57.0,156.0,1.9989748846745314,-32.714285714285715,-23.571428571428573,406.0,True
2023-07-27,110.0,272.0,193.0,7754,259.0,False,False,8026.0,-66.0,66.0,0.8291457286432102,-37.714285714285715,-26.857142857142858,406.0,True
2023-07-30,166.0,277.0,229.0,7671,305.0,False,False,7948.0,-76.0,-78.0,-0.9718415150759996,-45.714285714285715,-32.5,406.0,True
2023-07-31,136.0,276.0,178.0,7800,220.0,False,False,8076.0,-42.0,128.0,1.610468042274782,-42.142857142857146,-37.357142857142854,406.0,True
2023-08-01,87.0,246.0,173.0,8103,168.0,False,False,8349.0,5.0,273.0,3.3803863298662806,-32.42857142857143,-35.785714285714285,411.0,True
2023-08-02,84.0,171.0,157.0,8261,271.0,False,False,8432.0,-114.0,83.0,0.9941310336567311,-42.857142857142854,-41.5,411.0,True
2023-08-03,167.0,209.0,157.0,8294,339.0,False,False,8503.0,-182.0,71.0,0.8420303605312984,-76.0,-50.357142857142854,411.0,True
2023-08-06,109.0,245.0,159.0,8298,322.0,False,False,8543.0,-163.0,40.0,0.4704222039280337,-91.14285714285714,-61.92857142857143,411.0,True
2023-08-07,156.0,256.0,176.0,8493,202.0,False,False,8749.0,-26.0,206.0,2.4113309141987616,-85.42857142857143,-61.57142857142857,411.0,True
2023-08-08,125.0,232.0,192.0,8725,207.0,False,False,8957.0,-15.0,208.0,2.3774145616641817,-76.71428571428571,-61.214285714285715,411.0,True
2023-08-09,118.0,139.0,168.0,8888,251.0,True,False,9027.0,-83.0,70.0,0.7815116668527411,-82.57142857142857,-62.357142857142854,411.0,True
2023-08-10,142.0,235.0,139.0,8914,353.0,False,False,9149.0,-214.0,122.0,1.3515010523983628,-113.85714285714286,-73.14285714285714,411.0,True
2023-08-16,148.0,245.0,175.0,9634,288.0,False,False,9879.0,-113.0,730.0,7.979014099901627,-113.71428571428571,-78.28571428571429,411.0,True
2023-08-17,119.0,219.0,210.0,9694,407.0,False,False,9913.0,-197.0,34.0,0.34416438910820357,-115.85714285714286,-95.92857142857143,411.0,True
2023-08-20,105.0,210.0,149.0,9483,390.0,False,False,9693.0,-241.0,-220.0,-2.219307979420959,-127.0,-109.07142857142857,411.0,True
2023-08-21,143.0,203.0,163.0,9668,281.0,False,False,9871.0,-118.0,178.0,1.8363767667388897,-140.14285714285714,-112.78571428571429,411.0,True
2023-08-22,119.0,209.0,152.0,9921,230.0,False,False,10130.0,-78.0,259.0,2.623847634484844,-149.14285714285714,-112.92857142857143,411.0,True
2023-08-23,155.0,212.0,181.0,10071,285.0,False,False,10283.0,-104.0,153.0,1.5103652517275412,-152.14285714285714,-117.35714285714286,411.0,True
2023-08-24,109.0,214.0,173.0,10026,443.0,False,False,10240.0,-270.0,-43.0,-0.41816590489156535,-160.14285714285714,-137.0,411.0,True
2023-08-27,191.0,283.0,192.0,9873,488.0,False,False,10156.0,-296.0,-84.0,-0.8203124999999978,-186.28571428571428,-150.0,411.0,True
2023-08-28,170.0,297.0,196.0,10012,388.0,False,False,10309.0,-192.0,153.0,1.5064986215045373,-185.57142857142858,-150.71428571428572,411.0,True
2023-08-29,152.0,272.0,214.0,10180,286.0,False,False,10452.0,-72.0,143.0,1.387137452711218,-161.42857142857142,-144.21428571428572,411.0,True
2023-08-30,239.0,367.0,224.0,10280,366.0,False,False,10647.0,-142.0,195.0,1.8656716417910557,-164.85714285714286,-152.5,411.0,True
2023-08-31,113.0,280.0,237.0,10140,505.0,False,False,10420.0,-268.0,-227.0,-2.1320559782098236,-192.0,-170.57142857142858,411.0,True
2023-09-04,196.0,306.0,187.0,9988,293.0,False,False,10294.0,-106.0,-126.0,-1.2092130518234212,-192.28571428571428,-172.21428571428572,411.0,True
2023-09-05,236.0,330.0,222.0,10142,243.0,False,False,10472.0,-21.0,178.0,1.7291626190013565,-156.71428571428572,-158.42857142857142,411.0,True
2023-09-06,81.0,230.0,242.0,10356,291.0,True,False,10586.0,-49.0,114.0,1.0886172650878434,-121.42857142857143,-153.85714285714286,411.0,True
2023-09-07,118.0,245.0,160.0,10419,398.0,False,False,10664.0,-238.0,78.0,0.7368222180238027,-128.0,-156.78571428571428,411.0,True
2023-09-10,218.0,283.0,208.0,10282,382.0,False,False,10565.0,-174.0,-99.0,-0.9283570892723136,-142.57142857142858,-152.0,411.0,True
2023-09-11,132.0,243.0,183.0,10492,277.0,False,False,10735.0,-94.0,170.0,1.6090866067203002,-135.71428571428572,-150.28571428571428,411.0,True
2023-09-12,224.0,315.0,152.0,10649,316.0,False,False,10964.0,-164.0,229.0,2.133209129017244,-120.85714285714286,-156.42857142857142,411.0,True
2023-09-13,167.0,326.0,213.0,10678,343.0,False,False,11004.0,-130.0,40.0,0.36483035388543694,-124.28571428571429,-158.28571428571428,411.0,True
2023-09-14,209.0,353.0,232.0,10837,414.0,False,False,11190.0,-182.0,186.0,1.6902944383860419,-147.28571428571428,-152.0,411.0,True
2023-09-17,153.0,253.0,286.0,10799,427.0,True,False,11052.0,-141.0,-138.0,-1.2332439678284235,-160.42857142857142,-140.92857142857142,411.0,True
2023-09-18,180.0,337.0,219.0,10892,313.0,False,False,11229.0,-94.0,177.0,1.601520086862096,-139.85714285714286,-133.92857142857142,411.0,True
2023-09-19,133.0,287.0,189.0,11095,260.0,False,False,11382.0,-71.0,153.0,1.362543414373496,-125.14285714285714,-133.85714285714286,411.0,True
2023-09-20,187.0,310.0,247.0,11064,364.0,False,False,11374.0,-117.0,-8.0,-0.07028641714988959,-128.42857142857142,-132.07142857142858,411.0,True
2023-09-21,168.0,285.0,210.0,11067,428.0,False,False,11352.0,-218.0,-22.0,-0.19342359767892114,-136.14285714285714,-128.5,411.0,True
2023-09-24,269.0,412.0,204.0,10744,403.0,False,False,11156.0,-199.0,-196.0,-1.7265680056377741,-146.0,-135.14285714285714,411.0,True
2023-09-25,100.0,255.0,236.0,10842,284.0,False,False,11097.0,-48.0,-59.0,-0.5288633918967389,-126.85714285714286,-137.07142857142858,411.0,True
2023-09-26,205.0,294.0,177.0,10978,332.0,False,False,11272.0,-155.0,175.0,1.5770027935477993,-128.85714285714286,-144.64285714285714,411.0,True
2023-09-27,161.0,304.0,211.0,11017,331.0,False,False,11321.0,-120.0,49.0,0.434705464868701,-132.57142857142858,-136.21428571428572,411.0,True
2023-09-28,57.0,162.0,193.0,10984,447.0,True,False,11146.0,-254.0,-175.0,-1.545799841003448,-158.71428571428572,-141.92857142857142,411.0,True
2023-10-01,80.0,122.0,152.0,10598,493.0,True,False,10720.0,-341.0,-426.0,-3.8219989233805873,-190.71428571428572,-159.57142857142858,411.0,True
2023-10-02,107.0,170.0,133.0,10724,284.0,False,False,10894.0,-151.0,174.0,1.6231343283582111,-181.14285714285714,-158.64285714285714,411.0,True
2023-10-03,99.0,156.0,139.0,10818,287.0,False,False,10974.0,-148.0,80.0,0.7343491830365423,-173.85714285714286,-159.92857142857142,411.0,True
2023-10-04,25.0,66.0,94.0,10963,330.0,True,False,11029.0,-236.0,55.0,0.5011846181884438,-200.71428571428572,-163.78571428571428,411.0,True
2023-10-05,35.0,70.0,53.0,11130,427.0,False,False,11200.0,-374.0,171.0,1.5504578837610028,-232.0,-180.42857142857142,411.0,True
2023-10-09,43.0,73.0,64.0,10815,282.0,False,False,10888.0,-218.0,-312.0,-2.7857142857142803,-246.0,-189.28571428571428,411.0,True
2023-10-10,41.0,60.0,71.0,10910,257.0,True,False,10970.0,-186.0,82.0,0.7531227038942045,-236.28571428571428,-197.5,411.0,True
2023-10-11,65.0,83.0,65.0,10960,266.0,False,False,11043.0,-201.0,73.0,0.6654512306289773,-216.28571428571428,-203.5,411.0,True
2023-10-12,38.0,80.0,82.0,10992,398.0,True,False,11072.0,-316.0,29.0,0.2626097980621189,-239.85714285714286,-210.5,411.0,True
2023-10-15,56.0,82.0,68.0,10571,434.0,False,False,10653.0,-366.0,-419.0,-3.7843208092485536,-271.0,-222.42857142857142,411.0,True
2023-10-16,74.0,103.0,80.0,10629,331.0,False,False,10732.0,-251.0,79.0,0.7415751431521622,-273.14285714285717,-236.92857142857142,411.0,True
2023-10-17,68.0,107.0,102.0,10630,315.0,False,False,10737.0,-213.0,5.0,0.04658963846440045,-250.14285714285714,-241.07142857142858,411.0,True
2023-10-18,92.0,124.0,93.0,10511,393.0,False,False,10635.0,-300.0,-102.0,-0.9499860296172113,-261.85714285714283,-253.92857142857142,411.0,True
2023-10-19,113.0,162.0,107.0,10319,406.0,False,False,10481.0,-299.0,-154.0,-1.4480488951574944,-278.0,-257.14285714285717,411.0,True
2023-10-22,106.0,196.0,131.0,9506,454.0,False,False,9702.0,-323.0,-779.0,-7.432496899150842,-295.42857142857144,-255.85714285714286,411.0,True
2023-10-23,86.0,152.0,168.0,9436,327.0,True,False,9588.0,-159.0,-114.0,-1.1750154607297447,-273.0,-256.42857142857144,411.0,True
2023-10-24,84.0,118.0,136.0,9396,300.0,True,False,9514.0,-164.0,-74.0,-0.7717980809345049,-244.14285714285714,-257.57142857142856,411.0,True
2023-10-25,59.0,64.0,117.0,9351,293.0,True,False,9415.0,-176.0,-99.0,-1.0405717889426125,-233.42857142857142,-253.28571428571428,411.0,True
2023-10-26,62.0,97.0,52.0,9235,390.0,False,False,9332.0,-338.0,-83.0,-0.8815719596388716,-251.28571428571428,-250.71428571428572,411.0,True
2023-10-29,91.0,75.0,97.0,8925,418.0,True,False,9000.0,-321.0,-332.0,-3.557651093013292,-254.28571428571428,-258.07142857142856,411.0,True
2023-10-30,29.0,51.0,11.0,9026,278.0,False,False,9077.0,-267.0,77.0,0.855555555555565,-249.71428571428572,-263.85714285714283,411.0,True
2023-10-31,33.0,53.0,34.0,9072,295.0,False,False,9125.0,-261.0,48.0,0.5288090778891696,-240.85714285714286,-268.14285714285717,411.0,True
2023-11-01,132.0,235.0,197.0,9250,279.0,False,False,9485.0,-82.0,360.0,3.945205479452052,-229.85714285714286,-251.42857142857142,411.0,True
2023-11-02,174.0,208.0,256.0,9442,330.0,True,False,9650.0,-74.0,165.0,1.7395888244596813,-217.0,-230.57142857142858,411.0,True
2023-11-05,123.0,230.0,167.0,9273,370.0,False,False,9503.0,-203.0,-147.0,-1.523316062176161,-220.85714285714286,-227.14285714285714,411.0,True
2023-11-06,123.0,233.0,159.0,9286,316.0,False,False,9519.0,-157.0,16.0,0.1683678838261704,-195.0,-223.14285714285714,411.0,True
2023-11-07,141.0,232.0,188.0,9483,231.0,False,False,9715.0,-43.0,196.0,2.0590398151066225,-155.28571428571428,-204.78571428571428,411.0,True
2023-11-08,158.0,226.0,191.0,9634,310.0,False,False,9860.0,-119.0,145.0,1.4925373134328401,-134.14285714285714,-191.92857142857142,411.0,True
2023-11-12,96.0,160.0,233.0,9477,313.0,True,False,9637.0,-80.0,-223.0,-2.2616632860040564,-108.28571428571429,-174.57142857142858,411.0,True
2023-11-13,141.0,173.0,129.0,9510,287.0,False,False,9683.0,-158.0,46.0,0.4773269689737569,-119.14285714285714,-174.5,411.0,True
2023-11-14,116.0,181.0,182.0,9665,247.0,True,False,9846.0,-65.0,163.0,1.6833625942373143,-117.85714285714286,-167.42857142857142,411.0,True
2023-11-15,150.0,157.0,201.0,9762,316.0,True,False,9919.0,-115.0,73.0,0.7414178346536682,-105.28571428571429,-163.07142857142858,411.0,True
2023-11-16,80.0,176.0,125.0,9762,374.0,False,False,9938.0,-249.0,19.0,0.191551567698367,-118.42857142857143,-156.71428571428572,411.0,True
2023-11-19,116.0,188.0,164.0,9573,435.0,False,False,9761.0,-271.0,-177.0,-1.7810424632722865,-151.0,-153.14285714285714,411.0,True
2023-11-20,105.0,185.0,158.0,9638,298.0,False,False,9823.0,-140.0,62.0,0.635180821637138,-154.0,-144.07142857142858,411.0,True
2023-11-21,136.0,246.0,123.0,9804,250.0,False,False,10050.0,-127.0,227.0,2.310902982795482,-160.71428571428572,-134.5,411.0,True
2023-11-23,128.0,228.0,177.0,9838,283.0,False,False,10066.0,-106.0,16.0,0.1592039800994982,-153.28571428571428,-136.21428571428572,411.0,True
2023-11-26,90.0,196.0,205.0,9845,312.0,True,False,10041.0,-107.0,-25.0,-0.24836081859725967,-159.28571428571428,-138.57142857142858,411.0,True
2023-11-27,56.0,82.0,68.0,10123,214.0,False,False,10205.0,-146.0,164.0,1.6333034558311033,-163.71428571428572,-134.5,411.0,True
2023-11-28,74.0,103.0,80.0,10223,223.0,False,False,10326.0,-143.0,121.0,1.185693287604117,-148.57142857142858,-133.5,411.0,True
2023-11-29,68.0,107.0,102.0,10398,284.0,False,False,10505.0,-182.0,179.0,1.73348828200659,-135.85714285714286,-143.42857142857142,411.0,True
2023-11-30,92.0,124.0,93.0,10536,320.0,False,False,10660.0,-227.0,155.0,1.47548786292242,-148.28571428571428,-151.14285714285714,411.0,True
2023-12-03,132.0,235.0,197.0,10579,417.0,False,False,10814.0,-220.0,154.0,1.4446529080675452,-161.57142857142858,-161.14285714285714,411.0,True
2023-12-04,174.0,208.0,256.0,10635,273.0,True,False,10843.0,-17.0,29.0,0.2681708895875712,-148.85714285714286,-151.07142857142858,411.0,True
2023-12-05,123.0,230.0,167.0,10761,261.0,False,False,10991.0,-94.0,148.0,1.364935903347786,-147.0,-153.14285714285714,411.0,True
2023-12-06,123.0,233.0,159.0,10832,376.0,False,False,11065.0,-217.0,74.0,0.6732781366572738,-157.14285714285714,-160.42857142857142,411.0,True
2023-12-07,141.0,232.0,188.0,10897,466.0,False,False,11129.0,-278.0,64.0,0.5784003615002309,-176.42857142857142,-162.5,411.0,True
2023-12-10,158.0,226.0,191.0,10871,411.0,False,False,11097.0,-220.0,-32.0,-0.2875370653248277,-181.85714285714286,-158.85714285714286,411.0,True
2023-12-11,96.0,160.0,233.0,10998,304.0,True,False,11158.0,-71.0,61.0,0.5496981166080994,-159.57142857142858,-153.92857142857142,411.0,True
2023-12-12,141.0,173.0,129.0,11077,259.0,False,False,11250.0,-130.0,92.0,0.8245205233912811,-146.71428571428572,-154.14285714285714,411.0,True
2023-12-13,116.0,181.0,182.0,11192,335.0,True,False,11373.0,-153.0,123.0,1.093333333333324,-166.14285714285714,-157.5,411.0,True
2023-12-14,150.0,157.0,201.0,11242,396.0,True,False,11399.0,-195.0,26.0,0.2286116240218128,-180.57142857142858,-163.78571428571428,411.0,True
2023-12-17,80.0,176.0,125.0,11092,456.0,False,False,11268.0,-331.0,-131.0,-1.149223616106676,-196.85714285714286,-177.0,411.0,True
2023-12-18,116.0,188.0,164.0,11149,364.0,False,False,11337.0,-200.0,69.0,0.6123535676251235,-185.71428571428572,-181.07142857142858,411.0,True
2023-12-19,105.0,185.0,158.0,11291,272.0,False,False,11476.0,-114.0,139.0,1.2260739172620605,-170.57142857142858,-176.21428571428572,411.0,True
2023-12-20,136.0,246.0,123.0,11516,390.0,False,False,11762.0,-267.0,286.0,2.492157546183349,-198.57142857142858,-179.07142857142858,411.0,True
2023-12-21,128.0,228.0,177.0,11375,497.0,False,False,11603.0,-320.0,-159.0,-1.3518109165107983,-225.71428571428572,-186.21428571428572,411.0,True
2023-12-25,90.0,196.0,205.0,11144,347.0,True,False,11340.0,-142.0,-263.0,-2.266655175385679,-224.14285714285714,-195.14285714285714,411.0,True
2023-12-26,56.0,82.0,68.0,11217,288.0,False,False,11299.0,-220.0,-41.0,-0.36155202821869237,-227.71428571428572,-204.14285714285714,411.0,True
2023-12-27,74.0,103.0,80.0,11206,335.0,False,False,11309.0,-255.0,10.0,0.08850340738117968,-216.85714285714286,-206.85714285714286,411.0,True
2023-12-28,68.0,107.0,102.0,11230,357.0,False,False,11337.0,-255.0,28.0,0.2475904147139385,-224.71428571428572,-205.21428571428572,411.0,True
2024-01-01,92.0,124.0,93.0,10870,290.0,False,False,10994.0,-197.0,-343.0,-3.0254917526682523,-236.57142857142858,-203.57142857142858,411.0,True
2024-01-02,113.0,162.0,107.0,10770,316.0,False,False,10932.0,-209.0,-62.0,-0.5639439694378745,-228.28571428571428,-213.42857142857142,411.0,True
2024-01-03,106.0,196.0,131.0,10718,263.0,False,False,10914.0,-132.0,-18.0,-0.16465422612513825,-201.42857142857142,-213.57142857142858,411.0,True
2024-01-04,86.0,152.0,168.0,10558,362.0,True,False,10710.0,-194.0,-204.0,-1.869158878504673,-208.85714285714286,-216.5,411.0,True
2024-01-07,84.0,118.0,136.0,9670,367.0,True,False,9788.0,-231.0,-922.0,-8.608776844070965,-210.42857142857142,-219.07142857142858,411.0,True
2024-01-08,59.0,64.0,117.0,9670,367.0,True,False,9734.0,-250.0,-54.0,-0.5516959542296695,-209.71428571428572,-213.28571428571428,411.0,True
2024-01-09,62.0,97.0,52.0,9311,286.0,False,False,9408.0,-234.0,-326.0,-3.3490856790630796,-206.71428571428572,-215.71428571428572,411.0,True
2024-01-10,91.0,75.0,97.0,9144,349.0,True,False,9219.0,-252.0,-189.0,-2.00892857142857,-214.57142857142858,-225.57142857142858,411.0,True
2024-01-11,29.0,51.0,11.0,8829,476.0,False,False,8880.0,-465.0,-339.0,-3.6771884152294154,-251.14285714285714,-239.71428571428572,411.0,True
2024-01-15,33.0,53.0,34.0,8033,234.0,False,False,8086.0,-200.0,-794.0,-8.941441441441444,-260.85714285714283,-231.14285714285714,411.0,True
2024-01-16,32.0,49.0,39.0,8133,188.0,False,False,8182.0,-149.0,96.0,1.187237200098945,-254.42857142857142,-231.64285714285714,411.0,True
2024-01-17,80.0,176.0,125.0,8072,353.0,False,False,8248.0,-228.0,66.0,0.8066487411390932,-254.0,-232.21428571428572,411.0,True
2024-01-18,116.0,188.0,164.0,8042,359.0,False,False,8230.0,-195.0,-18.0,-0.21823472356935492,-246.14285714285714,-227.92857142857142,411.0,True
2024-01-21,105.0,185.0,158.0,7974,371.0,False,False,8159.0,-213.0,-71.0,-0.8626974483596617,-243.14285714285714,-224.92857142857142,411.0,True
2024-01-22,136.0,246.0,123.0,8008,222.0,False,False,8254.0,-99.0,95.0,1.164358377252106,-221.28571428571428,-217.92857142857142,411.0,True
2024-01-23,128.0,228.0,177.0,8133,202.0,False,False,8361.0,-25.0,107.0,1.296341167918591,-158.42857142857142,-204.78571428571428,411.0,True
2024-01-24,90.0,196.0,205.0,8212,243.0,True,False,8408.0,-38.0,47.0,0.5621337160626627,-135.28571428571428,-198.07142857142858,411.0,True
2024-01-25,102.0,189.0,155.0,8180,293.0,False,False,8369.0,-138.0,-39.0,-0.4638439581351128,-133.71428571428572,-194.07142857142858,411.0,True
2024-01-28,120.0,257.0,126.0,8004,307.0,False,False,8261.0,-181.0,-108.0,-1.2904767594694722,-127.0,-190.5,411.0,True
2024-01-29,137.0,272.0,166.0,8057,195.0,False,False,8329.0,-29.0,68.0,0.8231448977121358,-103.28571428571429,-174.71428571428572,411.0,True
2024-01-30,93.0,198.0,208.0,8182,187.0,True,False,8380.0,21.0,51.0,0.6123184055708997,-69.85714285714286,-156.5,432.0,True
2024-01-31,203.0,477.0,258.0,8153,266.0,False,False,8630.0,-8.0,250.0,2.9832935560859086,-56.857142857142854,-139.07142857142858,432.0,True
2024-02-01,222.0,459.0,289.0,8026,337.0,False,False,8485.0,-48.0,-145.0,-1.6801853997682525,-60.142857142857146,-109.28571428571429,432.0,True
2024-02-04,253.0,531.0,248.0,7813,342.0,False,False,8344.0,-94.0,-141.0,-1.6617560400707165,-68.14285714285714,-101.71428571428571,432.0,True
2024-02-05,157.0,466.0,345.0,7872,242.0,False,False,8338.0,103.0,-6.0,-0.07190795781399917,-33.714285714285715,-83.71428571428571,535.0,True
2024-02-06,291.0,455.0,323.0,8045,178.0,False,False,8500.0,145.0,162.0,1.9429119692971897,12.857142857142858,-57.07142857142857,680.0,True
2024-02-07,227.0,453.0,330.0,8160,222.0,False,False,8613.0,108.0,113.0,1.32941176470589,32.42857142857143,-35.42857142857143,788.0,True
2024-02-08,298.0,499.0,358.0,8188,315.0,False,False,8687.0,43.0,74.0,0.8591663764077495,35.57142857142857,-17.142857142857142,831.0,True
2024-02-11,205.0,515.0,226.0,8056,347.0,False,False,8571.0,-121.0,-116.0,-1.3353286520087493,19.428571428571427,-18.714285714285715,831.0,True
2024-02-12,213.0,430.0,440.0,8092,234.0,True,False,8522.0,206.0,-49.0,-0.5716952514292384,55.714285714285715,-2.2142857142857144,1037.0,True
2024-02-13,227.0,369.0,349.0,8348,160.0,False,False,8717.0,189.0,195.0,2.2881952593287957,96.14285714285714,14.0,1226.0,True
2024-02-14,185.0,322.0,272.0,8512,230.0,False,False,8834.0,42.0,117.0,1.3422048870024073,87.42857142857143,26.857142857142858,1268.0,True
2024-02-15,333.0,508.0,272.0,8463,312.0,False,False,8971.0,-40.0,137.0,1.5508263527280963,61.0,36.92857142857143,1268.0,True
2024-02-19,249.0,420.0,371.0,8380,218.0,False,False,8800.0,153.0,-171.0,-1.9061420131535,67.42857142857143,49.92857142857143,1421.0,True
2024-02-20,149.0,395.0,273.0,8488,192.0,False,False,8883.0,81.0,83.0,0.9431818181818263,72.85714285714286,54.214285714285715,1502.0,True
2024-02-21,232.0,430.0,318.0,8573,231.0,False,False,9003.0,87.0,120.0,1.3508949679162496,102.57142857142857,61.0,1589.0,True
2024-02-22,165.0,400.0,292.0,8607,293.0,False,False,9007.0,-1.0,4.0,0.04442963456625648,73.0,64.35714285714286,1589.0,True
2024-02-25,244.0,482.0,366.0,8404,329.0,False,False,8886.0,37.0,-121.0,-1.3433995781059194,51.285714285714285,73.71428571428571,1626.0,True
2024-02-26,199.0,438.0,326.0,8404,329.0,False,False,8842.0,-3.0,-44.0,-0.4951609273013746,44.857142857142854,66.14285714285714,1626.0,True
2024-02-27,197.0,369.0,306.0,8650,206.0,False,False,9019.0,100.0,177.0,2.0018095453517404,64.85714285714286,62.92857142857143,1726.0,True
2024-02-28,209.0,447.0,274.0,8699,257.0,False,False,9146.0,17.0,127.0,1.4081383745426335,45.42857142857143,56.42857142857143,1743.0,True
2024-02-29,262.0,444.0,354.0,8724,299.0,False,False,9168.0,55.0,22.0,0.2405423135797058,41.714285714285715,57.285714285714285,1798.0,True
2024-03-03,236.0,468.0,347.0,8594,354.0,False,False,9062.0,-7.0,-106.0,-1.1561954624781823,28.285714285714285,65.42857142857143,1798.0,True
2024-03-04,225.0,509.0,340.0,8660,229.0,False,False,9169.0,111.0,107.0,1.1807548002648494,44.285714285714285,58.642857142857146,1909.0,True
2024-03-05,246.0,472.0,345.0,8800,214.0,False,False,9272.0,131.0,103.0,1.12335041989311,57.714285714285715,54.5,2040.0,True
2024-03-06,230.0,457.0,277.0,8870,232.0,False,False,9327.0,45.0,55.0,0.5931837791199213,64.57142857142857,54.714285714285715,2085.0,True
2024-03-07,181.0,424.0,328.0,8902,305.0,False,False,9326.0,23.0,-1.0,-0.010721561059290341,53.57142857142857,59.214285714285715,2108.0,True
2024-03-10,190.0,368.0,326.0,8714,373.0,False,False,9082.0,-47.0,-244.0,-2.6163414111087246,44.42857142857143,44.92857142857143,2108.0,True
2024-03-11,178.0,336.0,290.0,8757,253.0,False,False,9093.0,37.0,11.0,0.12111869632238648,41.857142857142854,41.785714285714285,2145.0,True
2024-03-12,154.0,294.0,290.0,8843,213.0,False,False,9137.0,77.0,44.0,0.4838887055977015,53.857142857142854,41.07142857142857,2222.0,True
2024-03-13,165.0,358.0,167.0,8819,239.0,False,False,9177.0,-72.0,40.0,0.43778045310276514,27.714285714285715,36.0,2222.0,True
2024-03-14,166.0,301.0,252.0,8695,310.0,False,False,8996.0,-58.0,-181.0,-1.9723221096218824,0.7142857142857143,29.214285714285715,2222.0,True
2024-03-17,127.0,260.0,259.0,8373,342.0,False,False,8633.0,-83.0,-363.0,-4.035126722987991,-17.571428571428573,23.5,2222.0,True
2024-03-18,123.0,243.0,188.0,8333,283.0,False,False,8576.0,-95.0,-57.0,-0.6602571527858259,-34.42857142857143,9.571428571428571,2222.0,True
2024-03-19,99.0,202.0,256.0,8390,197.0,True,False,8592.0,59.0,16.0,0.1865671641791078,-19.285714285714285,12.571428571428571,2281.0,True
2024-03-20,91.0,181.0,174.0,8365,227.0,False,False,8546.0,-53.0,-46.0,-0.5353817504655467,-32.142857142857146,4.857142857142857,2281.0,True
2024-03-21,132.0,261.0,141.0,8292,235.0,False,False,8553.0,-94.0,7.0,0.08190966534051825,-56.57142857142857,-1.3571428571428572,2281.0,True
2024-03-24,124.0,264.0,221.0,7899,373.0,False,False,8163.0,-152.0,-390.0,-4.559803577692034,-68.0,-20.142857142857142,2281.0,True
2024-03-25,128.0,242.0,224.0,7899,229.0,False,False,8141.0,-5.0,-22.0,-0.26950875903466454,-60.42857142857143,-29.857142857142858,2281.0,True
2024-03-26,187.0,276.0,200.0,7919,208.0,False,False,8195.0,-8.0,54.0,0.6633091757769272,-49.714285714285715,-33.642857142857146,2281.0,True
2024-03-27,129.0,287.0,185.0,7893,215.0,False,False,8180.0,-30.0,-15.0,-0.18303843807199183,-40.42857142857143,-37.42857142857143,2281.0,True
2024-03-28,161.0,288.0,248.0,7762,360.0,False,False,8050.0,-112.0,-130.0,-1.58924205378973,-64.85714285714286,-42.07142857142857,2281.0,True
2024-03-31,105.0,254.0,151.0,7257,287.0,False,False,7511.0,-136.0,-539.0,-6.695652173913047,-76.71428571428571,-54.42857142857143,2281.0,True
2024-04-01,109.0,235.0,171.0,7271,172.0,False,False,7506.0,-1.0,-5.0,-0.06656903208627218,-63.42857142857143,-60.0,2281.0,True
2024-04-02,101.0,230.0,175.0,7340,132.0,False,False,7570.0,43.0,64.0,0.8526512123634422,-35.57142857142857,-51.785714285714285,2324.0,True
2024-04-03,124.0,230.0,190.0,7346,163.0,False,False,7576.0,27.0,6.0,0.07926023778070945,-31.0,-45.714285714285715,2351.0,True
2024-04-04,95.0,226.0,152.0,7317,225.0,False,False,7543.0,-73.0,-33.0,-0.4355860612460405,-40.285714285714285,-45.0,2351.0,True
2024-04-07,106.0,239.0,233.0,6982,279.0,False,False,7221.0,-46.0,-322.0,-4.268858544345755,-42.57142857142857,-41.5,2351.0,True
2024-04-08,102.0,230.0,167.0,6988,199.0,False,False,7218.0,-32.0,-3.0,-0.041545492314087884,-31.142857142857142,-48.0,2351.0,True
2024-04-09,118.0,231.0,217.0,7043,130.0,False,False,7274.0,87.0,56.0,0.775838182321964,0.7142857142857143,-38.0,2438.0,True
2024-04-10,117.0,244.0,142.0,6999,227.0,False,False,7243.0,-85.0,-31.0,-0.42617541930162206,-11.285714285714286,-37.357142857142854,2438.0,True
2024-04-11,183.0,221.0,220.0,6912,285.0,False,False,7133.0,-65.0,-110.0,-1.518707717796497,-26.714285714285715,-31.142857142857142,2438.0,True
2024-04-14,128.0,245.0,243.0,6630,290.0,False,False,6875.0,-47.0,-258.0,-3.6169914481985144,-37.285714285714285,-34.142857142857146,2438.0,True
2024-04-15,144.0,303.0,176.0,6681,191.0,False,False,6984.0,-15.0,109.0,1.5854545454545566,-29.0,-34.642857142857146,2438.0,True
2024-04-16,219.0,392.0,205.0,6685,163.0,False,False,7077.0,42.0,93.0,1.3316151202749094,-16.428571428571427,-29.5,2480.0,True
2024-04-17,182.0,371.0,274.0,6725,227.0,False,False,7096.0,47.0,19.0,0.2684753426593245,-5.142857142857143,-18.142857142857142,2527.0,True
2024-04-18,144.0,322.0,258.0,6728,260.0,False,False,7050.0,-2.0,-46.0,-0.6482525366403591,-17.857142857142858,-8.571428571428571,2527.0,True
2024-04-21,208.0,380.0,343.0,6745,240.0,False,False,7125.0,103.0,75.0,1.0638297872340496,9.0,-1.1428571428571428,2630.0,True
2024-04-22,176.0,424.0,251.0,6799,214.0,False,False,7223.0,37.0,98.0,1.3754385964912297,23.571428571428573,-1.5714285714285714,2667.0,True
2024-04-23,252.0,427.0,307.0,6967,134.0,False,False,7394.0,173.0,171.0,2.367437352900459,55.0,8.857142857142858,2840.0,True
2024-04-24,253.0,411.0,307.0,7128,154.0,False,False,7539.0,153.0,145.0,1.9610494995942584,79.0,25.0,2993.0,True
2024-04-25,145.0,357.0,333.0,7209,217.0,False,False,7566.0,116.0,27.0,0.35813768404298063,89.57142857142857,36.57142857142857,3109.0,True
2024-04-28,158.0,349.0,365.0,7298,250.0,True,False,7647.0,115.0,81.0,1.0705789056304482,99.28571428571429,47.07142857142857,3224.0,True
2024-04-29,140.0,292.0,255.0,7373,187.0,False,False,7665.0,68.0,18.0,0.23538642604943316,109.28571428571429,45.714285714285715,3292.0,True
2024-04-30,220.0,443.0,194.0,7431,135.0,False,False,7874.0,59.0,209.0,2.726679712981084,103.0,56.0,3351.0,True
2024-05-01,197.0,437.0,295.0,7508,190.0,False,False,7945.0,105.0,71.0,0.9017018034036095,112.71428571428571,68.14285714285714,3456.0,True
2024-05-02,206.0,411.0,293.0,7577,194.0,False,False,7988.0,99.0,43.0,0.5412208936437901,102.14285714285714,78.57142857142857,3555.0,True
2024-05-05,150.0,315.0,228.0,7447,332.0,False,False,7762.0,-104.0,-226.0,-2.829243865798703,65.42857142857143,72.21428571428571,3555.0,True
2024-05-06,173.0,337.0,211.0,7449,205.0,False,False,7786.0,6.0,24.0,0.30919866013914277,49.714285714285715,69.64285714285714,3561.0,True
2024-05-07,176.0,334.0,246.0,7566,163.0,False,False,7900.0,83.0,114.0,1.4641664526072518,45.142857142857146,72.21428571428571,3644.0,True
2024-05-08,167.0,374.0,205.0,7583,202.0,False,False,7957.0,3.0,57.0,0.7215189873417627,35.857142857142854,72.57142857142857,3647.0,True
2024-05-09,138.0,285.0,268.0,7570,244.0,False,False,7855.0,24.0,-102.0,-1.2818901596078902,30.857142857142858,66.92857142857143,3671.0,True
2024-05-12,138.0,301.0,263.0,7464,245.0,False,False,7765.0,18.0,-90.0,-1.145767027371103,18.428571428571427,65.57142857142857,3689.0,True
2024-05-13,112.0,331.0,167.0,7499,157.0,False,False,7830.0,10.0,65.0,0.8370895041854398,5.714285714285714,53.92857142857143,3699.0,True
2024-05-14,246.0,419.0,218.0,7546,186.0,False,False,7965.0,32.0,135.0,1.724137931034475,25.142857142857142,45.285714285714285,3731.0,True
2024-05-15,115.0,285.0,341.0,7589,265.0,True,False,7874.0,76.0,-91.0,-1.1424984306340202,35.142857142857146,42.42857142857143,3807.0,True
2024-05-16,206.0,340.0,214.0,7565,234.0,False,False,7905.0,-20.0,31.0,0.3937007874015741,20.428571428571427,32.785714285714285,3807.0,True
2024-05-19,143.0,295.0,278.0,7356,298.0,False,False,7651.0,-20.0,-254.0,-3.2131562302340266,17.142857142857142,26.5,3807.0,True
2024-05-20,111.0,268.0,217.0,7368,192.0,False,False,7636.0,25.0,-15.0,-0.19605280355509125,17.285714285714285,24.071428571428573,3832.0,True
2024-05-21,196.0,348.0,176.0,7404,145.0,False,False,7752.0,31.0,116.0,1.5191199580932402,19.142857142857142,18.785714285714285,3863.0,True
2024-05-22,168.0,349.0,272.0,7474,208.0,False,False,7823.0,64.0,71.0,0.9158926728586092,26.857142857142858,16.285714285714285,3927.0,True
2024-05-23,193.0,272.0,314.0,7494,227.0,True,False,7766.0,87.0,-57.0,-0.7286207337338646,34.714285714285715,29.928571428571427,4014.0,True
2024-05-27,156.0,344.0,252.0,7365,167.0,False,False,7709.0,85.0,-57.0,-0.7339685809940821,36.0,35.57142857142857,4099.0,True
2024-05-28,153.0,348.0,239.0,7418,151.0,False,False,7766.0,88.0,57.0,0.7393955117395157,51.42857142857143,35.92857142857143,4187.0,True
2024-05-29,182.0,462.0,158.0,7491,141.0,False,False,7953.0,17.0,187.0,2.4079320113314484,56.714285714285715,36.92857142857143,4204.0,True
2024-05-30,167.0,406.0,339.0,7563,190.0,False,False,7969.0,149.0,16.0,0.20118194392053645,74.42857142857143,45.857142857142854,4353.0,True
2024-06-02,159.0,330.0,322.0,7546,306.0,False,False,7876.0,16.0,-93.0,-1.1670222110678918,72.28571428571429,45.714285714285715,4369.0,True
2024-06-03,109.0,244.0,257.0,7596,224.0,True,False,7840.0,33.0,-36.0,-0.45708481462671813,67.85714285714286,47.357142857142854,4402.0,True
2024-06-04,260.0,356.0,176.0,7565,203.0,False,False,7921.0,-27.0,81.0,1.033163265306114,51.57142857142857,43.142857142857146,4402.0,True
2024-06-05,173.0,345.0,291.0,7691,198.0,False,False,8036.0,93.0,115.0,1.4518368892816547,52.714285714285715,44.357142857142854,4495.0,True
2024-06-06,179.0,326.0,282.0,7741,238.0,False,False,8067.0,44.0,31.0,0.3857640617222602,46.42857142857143,48.92857142857143,4539.0,True
2024-06-09,116.0,289.0,166.0,7451,312.0,False,False,7740.0,-146.0,-327.0,-4.0535515061361105,23.142857142857142,39.92857142857143,4539.0,True
2024-06-10,184.0,334.0,229.0,7439,212.0,False,False,7773.0,17.0,33.0,0.426356589147292,4.285714285714286,39.357142857142854,4556.0,True
2024-06-11,186.0,352.0,224.0,7493,156.0,False,False,7845.0,68.0,72.0,0.9262832883056626,11.714285714285714,42.0,4624.0,True
2024-06-12,152.0,266.0,274.0,7548,212.0,True,False,7814.0,62.0,-31.0,-0.39515615041427754,15.857142857142858,41.857142857142854,4686.0,True
2024-06-13,167.0,293.0,230.0,7544,259.0,False,False,7837.0,-29.0,23.0,0.2943434860506855,15.571428571428571,33.57142857142857,4686.0,True
2024-06-16,204.0,315.0,233.0,7307,294.0,False,False,7622.0,-61.0,-215.0,-2.7433967079239507,-6.428571428571429,23.142857142857142,4686.0,True
2024-06-17,159.0,310.0,272.0,7318,224.0,False,False,7628.0,48.0,6.0,0.07871949619522312,-5.857142857142857,20.285714285714285,4734.0,True
2024-06-18,160.0,297.0,253.0,7340,214.0,False,False,7637.0,39.0,9.0,0.11798636601991763,20.571428571428573,21.857142857142858,4773.0,True
2024-06-19,204.0,321.0,246.0,7433,198.0,False,False,7754.0,48.0,117.0,1.5320151892104228,25.0,14.642857142857142,4821.0,True
2024-06-20,145.0,247.0,243.0,7431,235.0,False,False,7678.0,8.0,-76.0,-0.9801392829507316,16.428571428571427,14.071428571428571,4829.0,True
2024-06-23,102.0,227.0,201.0,7247,294.0,False,False,7474.0,-93.0,-204.0,-2.6569419119562343,-5.714285714285714,5.071428571428571,4829.0,True
2024-06-24,116.0,175.0,172.0,7239,202.0,False,False,7414.0,-30.0,-60.0,-0.8027829810008047,-5.857142857142857,4.857142857142857,4829.0,True
2024-06-25,172.0,263.0,191.0,7239,202.0,False,False,7502.0,-11.0,88.0,1.1869436201780381,1.2857142857142858,-2.5714285714285716,4829.0,True
2024-06-26,132.0,235.0,197.0,7268,187.0,False,False,7503.0,10.0,1.0,0.013329778725679198,-4.142857142857143,-5.0,4839.0,True
2024-06-27,174.0,208.0,256.0,7248,268.0,True,False,7456.0,-12.0,-47.0,-0.6264161002265789,-11.428571428571429,4.571428571428571,4839.0,True
2024-06-30,123.0,230.0,167.0,6874,273.0,False,False,7104.0,-106.0,-352.0,-4.72103004291845,-33.42857142857143,-4.214285714285714,4839.0,True
2024-07-01,123.0,233.0,159.0,6825,229.0,False,False,7058.0,-70.0,-46.0,-0.6475225225225256,-44.57142857142857,-14.071428571428571,4839.0,True
2024-07-02,141.0,232.0,188.0,6823,184.0,False,False,7055.0,4.0,-3.0,-0.042504958911870894,-30.714285714285715,-18.214285714285715,4843.0,True
2024-07-04,158.0,226.0,191.0,6790,225.0,False,False,7016.0,-34.0,-39.0,-0.5527994330262187,-31.285714285714285,-18.571428571428573,4843.0,True
2024-07-07,96.0,160.0,233.0,6599,213.0,True,False,6759.0,20.0,-257.0,-3.6630558722919093,-26.857142857142858,-12.785714285714286,4863.0,True
2024-07-08,141.0,173.0,129.0,6617,123.0,False,False,6790.0,6.0,31.0,0.458647728953987,-27.428571428571427,-15.785714285714286,4869.0,True
2024-07-09,116.0,181.0,182.0,6651,130.0,True,False,6832.0,52.0,42.0,0.6185567010309256,-18.285714285714285,-14.857142857142858,4921.0,True
2024-07-10,150.0,157.0,201.0,6649,177.0,True,False,6806.0,24.0,-26.0,-0.38056206088993294,0.2857142857142857,-16.571428571428573,4945.0,True
2024-07-11,80.0,176.0,125.0,6640,197.0,False,False,6816.0,-72.0,10.0,0.1469291801351691,0.0,-22.285714285714285,4945.0,True
2024-07-14,116.0,188.0,164.0,6308,237.0,False,False,6496.0,-73.0,-320.0,-4.694835680751175,-11.0,-20.857142857142858,4945.0,True
2024-07-15,105.0,185.0,158.0,6283,171.0,False,False,6468.0,-13.0,-28.0,-0.4310344827586188,-8.0,-19.642857142857142,4945.0,True
2024-07-16,136.0,246.0,123.0,6239,173.0,False,False,6485.0,-50.0,17.0,0.26283240568953925,-18.0,-22.428571428571427,4945.0,True
2024-07-17,128.0,228.0,177.0,6228,187.0,False,False,6456.0,-10.0,-29.0,-0.44718581341557373,-20.285714285714285,-23.857142857142858,4945.0,True
2024-07-21,90.0,196.0,205.0,6058,262.0,True,False,6254.0,-57.0,-202.0,-3.1288723667905805,-35.857142857142854,-27.071428571428573,4945.0,True
2024-07-22,102.0,189.0,155.0,6002,234.0,False,False,6191.0,-79.0,-63.0,-1.0073552926127327,-50.57142857142857,-25.142857142857142,4945.0,True
2024-07-23,120.0,257.0,126.0,5965,170.0,False,False,6222.0,-44.0,31.0,0.500726861573253,-46.57142857142857,-23.285714285714285,4945.0,True
2024-07-24,137.0,272.0,166.0,5927,177.0,False,False,6199.0,-11.0,-23.0,-0.3696560591449738,-37.714285714285715,-24.357142857142858,4945.0,True
2024-07-25,93.0,198.0,208.0,5954,194.0,True,False,6152.0,14.0,-47.0,-0.7581868043232798,-33.857142857142854,-20.928571428571427,4959.0,True
2024-07-28,152.0,290.0,199.0,5743,207.0,False,False,6033.0,-8.0,-119.0,-1.934330299089726,-27.857142857142858,-22.928571428571427,4959.0,True
2024-07-29,114.0,210.0,219.0,5819,163.0,True,False,6029.0,56.0,-4.0,-0.06630200563566557,-18.428571428571427,-19.357142857142858,5015.0,True
2024-07-30,125.0,203.0,208.0,5930,92.0,True,False,6133.0,116.0,104.0,1.724995853375355,6.285714285714286,-14.785714285714286,5131.0,True
2024-07-31,140.0,261.0,163.0,5963,154.0,False,False,6224.0,9.0,91.0,1.4837762921897868,18.857142857142858,-15.857142857142858,5140.0,True
2024-08-01,227.0,298.0,212.0,6016,169.0,False,False,6314.0,43.0,90.0,1.4460154241645151,31.285714285714285,-7.642857142857143,5183.0,True
2024-08-04,63.0,167.0,143.0,5943,170.0,False,False,6110.0,-27.0,-204.0,-3.230915426037373,29.0,-4.357142857142857,5183.0,True
2024-08-05,172.0,259.0,138.0,5950,150.0,False,False,6209.0,-12.0,99.0,1.6202945990180018,25.285714285714285,-4.285714285714286,5183.0,True
2024-08-06,163.0,283.0,200.0,5998,143.0,False,False,6281.0,57.0,72.0,1.1596070220647459,34.57142857142857,3.357142857142857,5240.0,True
2024-08-07,135.0,273.0,207.0,6038,174.0,False,False,6311.0,33.0,30.0,0.4776309504855858,31.285714285714285,6.428571428571429,5273.0,True
2024-08-08,119.0,230.0,213.0,6084,174.0,False,False,6314.0,39.0,3.0,0.04753604816987167,20.285714285714285,13.285714285714286,5312.0,True
2024-08-11,95.0,211.0,140.0,5894,249.0,False,False,6105.0,-109.0,-209.0,-3.3101045296167197,3.4285714285714284,11.142857142857142,5312.0,True
2024-08-12,109.0,219.0,155.0,5903,148.0,False,False,6122.0,7.0,17.0,0.27846027846027965,-1.7142857142857142,14.785714285714286,5319.0,True
2024-08-13,162.0,239.0,189.0,5981,123.0,False,False,6220.0,66.0,98.0,1.6007840574975507,11.571428571428571,20.285714285714285,5385.0,True
2024-08-14,109.0,226.0,191.0,5987,178.0,False,False,6213.0,13.0,-7.0,-0.11254019292604722,15.142857142857142,20.214285714285715,5398.0,True
2024-08-15,124.0,241.0,156.0,5895,220.0,False,False,6136.0,-64.0,-77.0,-1.2393368742958266,-2.142857142857143,16.214285714285715,5398.0,True
2024-08-18,86.0,244.0,235.0,5821,178.0,False,False,6065.0,57.0,-71.0,-1.1571056062581464,1.2857142857142858,16.285714285714285,5455.0,True
2024-08-19,176.0,254.0,162.0,5865,158.0,False,False,6119.0,4.0,54.0,0.8903544929925733,-3.7142857142857144,8.285714285714286,5459.0,True
2024-08-20,136.0,274.0,245.0,5995,112.0,False,False,6269.0,133.0,150.0,2.45138094459878,30.857142857142858,17.142857142857142,5592.0,True
2024-08-21,134.0,245.0,167.0,6028,156.0,False,False,6273.0,11.0,4.0,0.06380602966979954,31.428571428571427,14.857142857142858,5603.0,True
2024-08-22,182.0,307.0,205.0,6054,171.0,False,False,6361.0,34.0,88.0,1.4028375577873398,26.857142857142858,19.214285714285715,5637.0,True
2024-08-27,149.0,285.0,222.0,6152,97.0,False,False,6437.0,125.0,76.0,1.1947806948592987,42.857142857142854,29.0,5762.0,True
2024-08-28,170.0,285.0,178.0,6227,134.0,False,False,6512.0,44.0,75.0,1.1651390399254336,58.285714285714285,28.071428571428573,5806.0,True
2024-08-29,145.0,295.0,188.0,6250,169.0,False,False,6545.0,19.0,33.0,0.5067567567567544,52.857142857142854,27.071428571428573,5825.0,True
2024-09-02,133.0,270.0,198.0,6192,129.0,False,False,6462.0,69.0,-83.0,-1.268143621084794,62.142857142857146,29.214285714285715,5894.0,True
2024-09-03,131.0,263.0,177.0,6272,112.0,False,False,6535.0,65.0,73.0,1.1296812132466805,52.42857142857143,41.642857142857146,5959.0,True
2024-09-04,121.0,231.0,219.0,6375,114.0,False,False,6606.0,105.0,71.0,1.0864575363427775,65.85714285714286,48.642857142857146,6064.0,True
2024-09-05,126.0,230.0,175.0,6448,121.0,False,False,6678.0,54.0,72.0,1.089918256130784,68.71428571428571,47.785714285714285,6118.0,True
2024-09-08,123.0,255.0,164.0,6312,221.0,False,False,6567.0,-57.0,-111.0,-1.6621743036837389,42.714285714285715,42.785714285714285,6118.0,True
2024-09-09,144.0,275.0,190.0,6353,141.0,False,False,6628.0,49.0,61.0,0.928886858535094,43.42857142857143,50.857142857142854,6167.0,True
2024-09-10,131.0,251.0,180.0,6396,148.0,False,False,6647.0,32.0,19.0,0.28666264333132574,45.285714285714285,49.07142857142857,6199.0,True
2024-09-11,93.0,248.0,175.0,6410,162.0,False,False,6658.0,13.0,11.0,0.16548819016097838,37.285714285714285,49.714285714285715,6212.0,True
2024-09-12,184.0,280.0,210.0,6360,220.0,False,False,6640.0,-10.0,-18.0,-0.270351456893958,26.571428571428573,39.5,6212.0,True
2024-09-13,81.0,200.0,212.0,6326,279.0,True,False,6526.0,-67.0,-114.0,-1.7168674698795128,2.0,33.92857142857143,6212.0,True
2024-09-15,98.0,220.0,167.0,6234,210.0,False,False,6454.0,-43.0,-72.0,-1.1032791909285966,-11.857142857142858,28.428571428571427,6212.0,True
2024-09-16,113.0,209.0,160.0,6229,164.0,False,False,6438.0,-4.0,-16.0,-0.24790827393864623,-4.285714285714286,19.214285714285715,6212.0,True
2024-09-17,159.0,304.0,139.0,6227,160.0,False,False,6531.0,-21.0,93.0,1.4445479962721386,-14.285714285714286,14.571428571428571,6212.0,True
2024-09-18,116.0,213.0,217.0,6245,149.0,True,False,6458.0,68.0,-73.0,-1.1177461338233052,-9.142857142857142,18.071428571428573,6280.0,True
2024-09-19,93.0,196.0,169.0,6270,188.0,False,False,6466.0,-19.0,8.0,0.12387736141219463,-13.714285714285714,11.785714285714286,6280.0,True
2024-09-22,124.0,234.0,161.0,5989,197.0,False,False,6223.0,-36.0,-243.0,-3.7581193937519353,-17.428571428571427,4.571428571428571,6280.0,True
2024-09-23,92.0,203.0,173.0,6002,165.0,False,False,6205.0,8.0,-18.0,-0.28924955809095376,-6.714285714285714,-2.357142857142857,6288.0,True
2024-09-24,186.0,259.0,172.0,6023,143.0,False,False,6282.0,29.0,77.0,1.2409347300563978,3.5714285714285716,-4.142857142857143,6317.0,True
2024-09-25,154.0,225.0,220.0,6050,169.0,False,False,6275.0,51.0,-7.0,-0.11142948105699046,11.428571428571429,3.5714285714285716,6368.0,True
2024-09-26,91.0,199.0,172.0,6090,185.0,False,False,6289.0,-13.0,14.0,0.223107569721126,12.571428571428571,-0.8571428571428571,6368.0,True
2024-09-29,81.0,213.0,153.0,5925,177.0,False,False,6138.0,-24.0,-151.0,-2.401017649864845,-0.5714285714285714,-4.857142857142857,6368.0,True
2024-09-30,209.0,285.0,184.0,5967,138.0,False,False,6252.0,46.0,114.0,1.8572825024437911,8.714285714285714,-2.5,6414.0,True
2024-10-01,184.0,314.0,217.0,6040,137.0,False,False,6354.0,80.0,102.0,1.6314779270633295,25.285714285714285,3.9285714285714284,6494.0,True
2024-10-02,107.0,215.0,230.0,6091,173.0,True,False,6306.0,57.0,-48.0,-0.7554296506137814,32.285714285714285,12.785714285714286,6551.0,True
2024-10-03,101.0,162.0,178.0,6118,193.0,True,False,6280.0,-15.0,-26.0,-0.4123057405645447,26.0,14.785714285714286,6551.0,True
2024-10-07,99.0,190.0,176.0,5968,153.0,False,False,6158.0,23.0,-122.0,-1.942675159235674,22.0,16.714285714285715,6574.0,True
2024-10-08,167.0,239.0,166.0,6013,123.0,False,False,6252.0,43.0,94.0,1.5264696329977179,30.0,21.285714285714285,6617.0,True
2024-10-09,115.0,216.0,169.0,6047,137.0,False,False,6263.0,32.0,11.0,0.175943698016634,38.0,18.714285714285715,6649.0,True
2024-10-10,84.0,158.0,193.0,6075,159.0,True,False,6233.0,34.0,-30.0,-0.4790036723614888,36.285714285714285,22.5,6683.0,True
2024-10-13,130.0,227.0,192.0,5889,210.0,False,False,6116.0,-18.0,-117.0,-1.8771057275790204,22.285714285714285,23.785714285714285,6683.0,True
2024-10-14,88.0,214.0,160.0,5935,106.0,False,False,6149.0,54.0,33.0,0.5395683453237377,21.857142857142858,27.071428571428573,6737.0,True
2024-10-15,113.0,208.0,159.0,6013,107.0,False,False,6221.0,52.0,72.0,1.170922101154659,31.428571428571427,28.714285714285715,6789.0,True
2024-10-16,174.0,285.0,150.0,6036,129.0,False,False,6321.0,21.0,100.0,1.6074586079408482,31.142857142857142,26.571428571428573,6810.0,True
2024-10-17,104.0,230.0,206.0,6076,160.0,False,False,6306.0,46.0,-15.0,-0.23730422401518902,31.571428571428573,30.785714285714285,6856.0,True
2024-10-20,147.0,276.0,214.0,5918,195.0,False,False,6194.0,19.0,-112.0,-1.776086267047261,29.714285714285715,33.857142857142854,6875.0,True
2024-10-21,108.0,220.0,213.0,5966,154.0,False,False,6186.0,59.0,-8.0,-0.12915724895059544,33.285714285714285,34.785714285714285,6934.0,True
2024-10-22,180.0,280.0,146.0,6043,109.0,False,False,6323.0,37.0,137.0,2.2146783058519137,41.142857142857146,31.714285714285715,6971.0,True
2024-10-23,134.0,294.0,186.0,6077,138.0,False,False,6371.0,48.0,48.0,0.7591333227898067,40.285714285714285,31.071428571428573,7019.0,True
2024-10-27,202.0,313.0,158.0,5974,192.0,False,False,6287.0,-34.0,-84.0,-1.318474336838804,28.0,29.714285714285715,7019.0,True
2024-10-28,110.0,272.0,193.0,6008,156.0,False,False,6280.0,37.0,-7.0,-0.11134086209638738,30.285714285714285,30.714285714285715,7056.0,True
2024-10-29,166.0,277.0,229.0,6106,126.0,False,False,6383.0,103.0,103.0,1.6401273885350287,38.42857142857143,35.0,7159.0,True
2024-10-30,136.0,276.0,178.0,6149,160.0,False,False,6425.0,18.0,42.0,0.6579978066739711,38.285714285714285,34.0,7177.0,True
2024-10-31,87.0,246.0,173.0,6148,177.0,False,False,6394.0,-4.0,-31.0,-0.4824902723735369,29.285714285714285,31.285714285714285,7177.0,True
2024-11-03,84.0,171.0,157.0,5990,184.0,False,False,6161.0,-27.0,-233.0,-3.6440412887081663,20.142857142857142,30.642857142857142,7177.0,True
2024-11-04,167.0,209.0,157.0,6007,132.0,False,False,6216.0,25.0,55.0,0.8927122220418804,16.857142857142858,28.571428571428573,7202.0,True
2024-11-05,109.0,245.0,159.0,6045,126.0,False,False,6290.0,33.0,74.0,1.1904761904761862,26.428571428571427,27.214285714285715,7235.0,True
2024-11-06,156.0,256.0,176.0,6086,137.0,False,False,6342.0,39.0,52.0,0.8267090620031725,26.714285714285715,28.5,7274.0,True
2024-11-07,125.0,232.0,192.0,6084,177.0,False,False,6316.0,15.0,-26.0,-0.40996531062755803,14.142857142857142,26.285714285714285,7289.0,True
2024-11-11,118.0,139.0,168.0,5963,145.0,True,False,6102.0,23.0,-214.0,-3.3882203926535737,14.857142857142858,26.571428571428573,7312.0,True
2024-11-12,142.0,235.0,139.0,5975,138.0,False,False,6210.0,1.0,108.0,1.7699115044247815,15.571428571428571,22.428571428571427,7313.0,True
2024-11-13,148.0,245.0,175.0,5966,151.0,False,False,6211.0,24.0,1.0,0.016103059581329404,22.857142857142858,21.5,7337.0,True
2024-11-14,119.0,219.0,210.0,6025,172.0,False,False,6244.0,38.0,33.0,0.5313154081468374,24.714285714285715,20.785714285714285,7375.0,True
2024-11-17,105.0,210.0,149.0,5816,195.0,False,False,6026.0,-46.0,-218.0,-3.49135169762973,13.428571428571429,19.928571428571427,7375.0,True
2024-11-18,143.0,203.0,163.0,5819,138.0,False,False,6022.0,25.0,-4.0,-0.06637902422834685,11.428571428571429,19.071428571428573,7400.0,True
2024-11-19,119.0,209.0,152.0,5844,146.0,False,False,6053.0,6.0,31.0,0.5147791431418192,10.142857142857142,12.142857142857142,7406.0,True
2024-11-20,155.0,212.0,181.0,5879,148.0,False,False,6091.0,33.0,38.0,0.6277878737815934,11.571428571428571,13.214285714285714,7439.0,True
2024-11-21,109.0,214.0,173.0,5850,210.0,False,False,6064.0,-37.0,-27.0,-0.44327696601543787,6.142857142857143,10.857142857142858,7439.0,True
2024-11-24,191.0,283.0,192.0,5664,207.0,False,False,5947.0,-15.0,-117.0,-1.9294195250659674,0.5714285714285714,11.714285714285714,7439.0,True
2024-11-25,170.0,297.0,196.0,5715,129.0,False,False,6012.0,67.0,65.0,1.0929880612073228,4.714285714285714,14.714285714285714,7506.0,True
2024-11-26,152.0,272.0,214.0,5826,112.0,False,False,6098.0,102.0,86.0,1.4304723885562254,25.857142857142858,19.642857142857142,7608.0,True
2024-11-27,239.0,367.0,224.0,5862,211.0,False,False,6229.0,13.0,131.0,2.1482453263365064,24.142857142857142,17.785714285714285,7621.0,True
2024-11-28,113.0,280.0,237.0,5963,143.0,False,False,6243.0,94.0,14.0,0.224755177396041,36.714285714285715,23.428571428571427,7715.0,True
2024-12-01,196.0,306.0,187.0,5986,149.0,False,False,6292.0,38.0,49.0,0.7848790645522907,37.42857142857143,24.5,7753.0,True
2024-12-02,236.0,330.0,222.0,6061,115.0,False,False,6391.0,107.0,99.0,1.573426573426584,58.0,32.07142857142857,7860.0,True
2024-12-03,81.0,230.0,242.0,6192,107.0,True,False,6422.0,135.0,31.0,0.48505711156312525,79.42857142857143,40.0,7995.0,True
2024-12-04,118.0,245.0,160.0,6269,115.0,False,False,6514.0,45.0,92.0,1.4325755216443525,76.28571428571429,40.5,8040.0,True
2024-12-05,218.0,283.0,208.0,6310,150.0,False,False,6593.0,58.0,79.0,1.2127724900214965,70.0,47.92857142857143,8098.0,True
2024-12-08,132.0,243.0,183.0,6286,172.0,False,False,6529.0,11.0,-64.0,-0.9707265281359012,69.71428571428571,46.92857142857143,8109.0,True
2024-12-09,224.0,315.0,152.0,6268,174.0,False,False,6583.0,-22.0,54.0,0.8270791851738402,53.142857142857146,44.92857142857143,8109.0,True
2024-12-10,167.0,326.0,213.0,6310,149.0,False,False,6636.0,64.0,53.0,0.8051040559015732,56.857142857142854,47.142857142857146,8173.0,True
2024-12-11,209.0,353.0,232.0,6402,152.0,False,False,6755.0,80.0,119.0,1.793248945147674,53.0,55.5,8253.0,True
2024-12-12,153.0,253.0,286.0,6481,194.0,True,False,6734.0,92.0,-21.0,-0.31088082901554737,46.857142857142854,63.142857142857146,8345.0,True
2024-12-15,180.0,337.0,219.0,6408,224.0,False,False,6745.0,-5.0,11.0,0.16335016335016217,39.714285714285715,58.0,8345.0,True
2024-12-16,133.0,287.0,189.0,6454,149.0,False,False,6741.0,40.0,-4.0,-0.05930318754633346,37.142857142857146,53.57142857142857,8385.0,True
2024-12-17,187.0,310.0,247.0,6506,151.0,False,False,6816.0,96.0,75.0,1.1125945705384943,49.285714285714285,59.5,8481.0,True
2024-12-18,168.0,285.0,210.0,6598,134.0,False,False,6883.0,76.0,67.0,0.9829812206572752,63.285714285714285,58.214285714285715,8557.0,True
2024-12-19,269.0,412.0,204.0,6600,238.0,False,False,7012.0,-34.0,129.0,1.8741827691413526,49.285714285714285,53.07142857142857,8557.0,True
2024-12-22,100.0,255.0,236.0,6595,268.0,False,False,6850.0,-32.0,-162.0,-2.310325156873927,33.285714285714285,43.142857142857146,8557.0,True
2024-12-23,205.0,294.0,177.0,6548,231.0,False,False,6842.0,-54.0,-8.0,-0.11678832116788218,12.428571428571429,29.642857142857142,8557.0,True
2024-12-24,161.0,304.0,211.0,6622,155.0,False,False,6926.0,56.0,84.0,1.2277111955568465,21.142857142857142,30.428571428571427,8613.0,True
2024-12-25,57.0,162.0,193.0,6689,107.0,True,False,6851.0,86.0,-75.0,-1.082876118971987,27.714285714285715,32.42857142857143,8699.0,True
2024-12-26,80.0,122.0,152.0,6707,135.0,True,False,6829.0,17.0,-22.0,-0.3211210042329604,16.428571428571427,32.857142857142854,8716.0,True
2024-12-29,107.0,170.0,133.0,6465,216.0,False,False,6635.0,-83.0,-194.0,-2.8408258895885163,-6.285714285714286,28.5,8716.0,True
2024-12-30,99.0,156.0,139.0,6454,177.0,False,False,6610.0,-38.0,-25.0,-0.37678975131876236,-6.857142857142857,21.214285714285715,8716.0,True
2025-01-01,25.0,66.0,94.0,6405,144.0,True,False,6471.0,-50.0,-139.0,-2.1028744326777593,-9.428571428571429,11.928571428571429,8716.0,True
2025-01-02,35.0,70.0,53.0,6292,170.0,False,False,6362.0,-117.0,-109.0,-1.6844382630196275,-18.428571428571427,-3.0,8716.0,True
2025-01-05,43.0,73.0,64.0,5882,185.0,False,False,5955.0,-121.0,-407.0,-6.397359320968254,-43.714285714285715,-11.285714285714286,8716.0,True
2025-01-06,41.0,60.0,71.0,5769,190.0,True,False,5829.0,-119.0,-126.0,-2.1158690176322437,-73.0,-22.642857142857142,8716.0,True
2025-01-07,65.0,83.0,65.0,5703,133.0,False,False,5786.0,-68.0,-43.0,-0.7376908560645101,-85.14285714285714,-34.357142857142854,8716.0,True
2025-01-08,38.0,80.0,82.0,5605,184.0,True,False,5685.0,-102.0,-101.0,-1.7455928102315887,-87.85714285714286,-47.07142857142857,8716.0,True
2025-01-09,56.0,82.0,68.0,5507,164.0,False,False,5589.0,-96.0,-96.0,-1.6886543535620024,-96.14285714285714,-51.5,8716.0,True
2025-01-12,74.0,103.0,80.0,5092,235.0,False,False,5195.0,-155.0,-394.0,-7.049561638933621,-111.14285714285714,-60.285714285714285,8716.0,True
2025-01-13,68.0,107.0,102.0,5019,181.0,False,False,5126.0,-79.0,-69.0,-1.3282001924927789,-105.71428571428571,-62.07142857142857,8716.0,True
2025-01-14,92.0,124.0,93.0,4957,139.0,False,False,5081.0,-46.0,-45.0,-0.877877487319545,-95.0,-69.35714285714286,8716.0,True
2025-01-15,113.0,162.0,107.0,4903,164.0,False,False,5065.0,-57.0,-16.0,-0.3148986419996058,-86.14285714285714,-79.57142857142857,8716.0,True
2025-01-16,106.0,196.0,131.0,4881,159.0,False,False,5077.0,-28.0,12.0,0.23692003948667661,-80.42857142857143,-82.78571428571429,8716.0,True
2025-01-19,86.0,152.0,168.0,4628,176.0,True,False,4780.0,-8.0,-297.0,-5.849911364979321,-67.0,-77.42857142857143,8716.0,True
2025-01-20,84.0,118.0,136.0,4638,127.0,True,False,4756.0,9.0,-24.0,-0.5020920502092019,-52.0,-74.07142857142857,8725.0,True
2025-01-21,59.0,64.0,117.0,4728,54.0,True,False,4792.0,63.0,36.0,0.7569386038688064,-20.857142857142858,-66.0,8788.0,True
2025-01-22,62.0,97.0,52.0,4717,83.0,False,False,4814.0,-31.0,22.0,0.45909849749583564,-14.0,-59.857142857142854,8788.0,True
2025-01-23,91.0,75.0,97.0,4621,174.0,True,False,4696.0,-77.0,-118.0,-2.451184046530952,-18.428571428571427,-56.714285714285715,8788.0,True
2025-01-26,29.0,51.0,11.0,4241,182.0,False,False,4292.0,-171.0,-404.0,-8.603066439523,-34.714285714285715,-60.42857142857143,8788.0,True
2025-01-27,33.0,53.0,34.0,4161,127.0,False,False,4214.0,-93.0,-78.0,-1.817334575955265,-44.0,-62.214285714285715,8788.0,True
2025-01-28,32.0,49.0,39.0,4096,101.0,False,False,4145.0,-62.0,-69.0,-1.6373991457047987,-51.714285714285715,-59.357142857142854,8788.0,True
2025-01-29,32.0,50.0,39.0,4036,99.0,False,False,4086.0,-60.0,-59.0,-1.423401688781667,-61.57142857142857,-56.785714285714285,8788.0,True
2025-01-30,47.0,42.0,47.0,3923,159.0,True,False,3965.0,-112.0,-121.0,-2.961331375428289,-86.57142857142857,-53.714285714285715,8788.0,True
2025-02-02,20.0,22.0,41.0,3483,168.0,True,False,3505.0,-127.0,-460.0,-11.601513240857509,-100.28571428571429,-57.142857142857146,8788.0,True
2025-02-03,23.0,45.0,11.0,3403,102.0,False,False,3448.0,-91.0,-57.0,-1.6262482168330927,-102.28571428571429,-60.357142857142854,8788.0,True
2025-02-04,34.0,54.0,29.0,3359,74.0,False,False,3413.0,-45.0,-35.0,-1.0150812064965153,-84.28571428571429,-59.5,8788.0,True
2025-02-05,26.0,36.0,36.0,3290,104.0,False,False,3326.0,-68.0,-87.0,-2.5490770583064704,-80.71428571428571,-62.357142857142854,8788.0,True
2025-02-06,25.0,32.0,27.0,3181,145.0,False,False,3213.0,-118.0,-113.0,-3.397474443776305,-88.71428571428571,-70.21428571428571,8788.0,True
2025-02-09,15.0,13.0,23.0,2878,99.0,True,False,2891.0,-76.0,-322.0,-10.02178649237473,-91.0,-76.28571428571429,8788.0,True
2025-02-10,16.0,18.0,15.0,2834,63.0,False,False,2852.0,-48.0,-39.0,-1.3490141819439638,-81.85714285714286,-84.21428571428571,8788.0,True
2025-02-11,11.0,22.0,12.0,2799,50.0,False,False,2821.0,-38.0,-31.0,-1.0869565217391353,-69.14285714285714,-84.71428571428571,8788.0,True
2025-02-12,16.0,20.0,20.0,2752,66.0,False,False,2772.0,-46.0,-49.0,-1.7369727047146455,-62.714285714285715,-82.5,8788.0,True
2025-02-13,15.0,10.0,23.0,2703,72.0,True,False,2713.0,-49.0,-59.0,-2.128427128427124,-63.285714285714285,-73.78571428571429,8788.0,True
2025-02-17,8.0,17.0,14.0,2532,15.0,False,False,2549.0,-1.0,-164.0,-6.044968669369699,-53.714285714285715,-67.21428571428571,8788.0,True
2025-02-18,18.0,19.0,11.0,2536,9.0,False,False,2555.0,2.0,6.0,0.23538642604943316,-36.57142857142857,-62.642857142857146,8790.0,True
2025-02-19,12.0,17.0,17.0,2528,19.0,False,False,2545.0,-2.0,-10.0,-0.3913894324853229,-26.0,-58.5,8790.0,True
2025-02-20,13.0,25.0,15.0,2520,32.0,False,False,2545.0,-17.0,0.0,0.0,-21.571428571428573,-51.714285714285715,8790.0,True
2025-02-23,7.0,16.0,8.0,2423,35.0,False,False,2439.0,-27.0,-106.0,-4.165029469548132,-20.0,-44.57142857142857,8790.0,True
2025-02-24,20.0,22.0,14.0,2413,24.0,False,False,2435.0,-10.0,-4.0,-0.16400164001639794,-14.857142857142858,-38.785714285714285,8790.0,True
2025-02-25,11.0,7.0,7.0,2413,23.0,False,False,2420.0,-16.0,-15.0,-0.6160164271047264,-10.142857142857142,-36.714285714285715,8790.0,True
2025-02-26,12.0,21.0,1.0,2411,23.0,False,False,2432.0,-22.0,12.0,0.49586776859504855,-13.142857142857142,-33.42857142857143,8790.0,True
2025-02-27,10.0,15.0,17.0,2391,37.0,True,False,2406.0,-20.0,-26.0,-1.0690789473684181,-16.285714285714285,-26.428571428571427,8790.0,True
2025-03-02,12.0,24.0,4.0,2297,31.0,False,False,2321.0,-27.0,-85.0,-3.5328345802161265,-19.857142857142858,-22.928571428571427,8790.0,True
2025-03-03,8.0,29.0,18.0,2287,25.0,False,False,2316.0,-7.0,-5.0,-0.21542438604049696,-18.428571428571427,-20.0,8790.0,True
2025-03-04,4.0,25.0,10.0,2272,30.0,False,False,2297.0,-20.0,-19.0,-0.8203799654576849,-17.428571428571427,-18.714285714285715,8790.0,True
2025-03-05,5.0,20.0,4.0,2238,40.0,False,False,2258.0,-36.0,-39.0,-1.6978667827601268,-21.142857142857142,-18.0,8790.0,True
2025-03-06,7.0,27.0,6.0,2218,33.0,False,False,2245.0,-27.0,-13.0,-0.5757307351638596,-22.714285714285715,-16.428571428571427,8790.0,True
2025-03-09,12.0,25.0,15.0,2137,30.0,False,False,2162.0,-15.0,-83.0,-3.697104677060137,-21.714285714285715,-17.428571428571427,8790.0,True
2025-03-10,6.0,28.0,8.0,2125,23.0,False,False,2153.0,-15.0,-9.0,-0.4162812210915856,-21.0,-18.642857142857142,8790.0,True
2025-03-11,3.0,11.0,7.0,2116,20.0,False,False,2127.0,-13.0,-26.0,-1.207617278216444,-19.0,-19.428571428571427,8790.0,True
2025-03-12,6.0,18.0,2.0,2113,8.0,False,False,2131.0,-6.0,4.0,0.18805829807240215,-18.857142857142858,-18.642857142857142,8790.0,True
2025-03-13,4.0,20.0,9.0,2116,6.0,False,False,2136.0,3.0,5.0,0.2346316283434957,-15.571428571428571,-16.5,8793.0,True
2025-03-16,1.0,9.0,8.0,2117,5.0,False,False,2126.0,3.0,-10.0,-0.46816479400748623,-10.0,-15.571428571428571,8796.0,True
2025-03-17,5.0,14.0,0.0,2111,8.0,False,False,2125.0,-8.0,-1.0,-0.04703668861711918,-7.285714285714286,-15.0,8796.0,True
2025-03-18,19.0,34.0,6.0,2109,8.0,False,False,2143.0,-2.0,18.0,0.8470588235294008,-5.428571428571429,-13.571428571428571,8796.0,True
2025-03-19,6.0,22.0,14.0,2119,9.0,False,False,2141.0,5.0,-2.0,-0.09332711152589823,-2.5714285714285716,-11.785714285714286,8801.0,True
2025-03-20,9.0,20.0,11.0,2124,7.0,False,False,2144.0,4.0,3.0,0.14012143858010973,-0.14285714285714285,-9.571428571428571,8805.0,True
2025-03-23,15.0,29.0,9.0,2136,2.0,False,False,2165.0,7.0,21.0,0.9794776119403048,1.7142857142857142,-8.571428571428571,8812.0,True
2025-03-24,7.0,13.0,11.0,2139,7.0,False,False,2152.0,4.0,-13.0,-0.6004618937644368,1.8571428571428572,-6.857142857142857,8816.0,True
2025-03-25,12.0,19.0,7.0,2145,6.0,False,False,2164.0,1.0,12.0,0.5576208178438735,1.5714285714285714,-4.214285714285714,8817.0,True
2025-03-26,9.0,21.0,15.0,2159,2.0,False,False,2180.0,13.0,16.0,0.7393715341959428,4.571428571428571,-1.3571428571428572,8830.0,True
2025-03-27,1.0,19.0,13.0,2159,2.0,False,False,2178.0,11.0,-2.0,-0.09174311926605228,6.428571428571429,0.5,8841.0,True
2025-03-30,9.0,20.0,5.0,2188,2.0,False,False,2208.0,3.0,30.0,1.377410468319562,6.142857142857143,1.7857142857142858,8844.0,True
2025-03-31,9.0,25.0,8.0,2193,5.0,False,False,2218.0,3.0,10.0,0.45289855072463414,6.0,2.9285714285714284,8847.0,True
2025-04-01,17.0,36.0,7.0,2191,12.0,False,False,2227.0,-5.0,9.0,0.4057709648331853,4.285714285714286,3.0,8847.0,True
2025-04-02,5.0,31.0,16.0,2208,3.0,False,False,2239.0,13.0,12.0,0.5388414907947947,5.571428571428571,3.7142857142857144,8860.0,True
2025-04-03,12.0,26.0,18.0,2223,8.0,False,False,2249.0,10.0,10.0,0.44662795891021734,6.857142857142857,4.214285714285714,8870.0,True
2025-04-06,7.0,14.0,7.0,2234,11.0,False,False,2248.0,-4.0,-1.0,-0.04446420631392112,4.428571428571429,4.5,8870.0,True
2025-04-07,12.0,22.0,9.0,2237,5.0,False,False,2259.0,4.0,11.0,0.48932384341637825,3.4285714285714284,4.928571428571429,8874.0,True
2025-04-08,12.0,34.0,12.0,2243,9.0,False,False,2277.0,3.0,18.0,0.7968127490039834,3.4285714285714284,4.785714285714286,8877.0,True
2025-04-09,6.0,19.0,10.0,2251,5.0,False,False,2270.0,5.0,-7.0,-0.30742204655248573,3.7142857142857144,4.857142857142857,8882.0,True
2025-04-10,18.0,25.0,17.0,2265,6.0,False,False,2290.0,11.0,20.0,0.8810572687224738,6.0,5.142857142857143,8893.0,True
2025-04-11,8.0,22.0,8.0,2267,9.0,False,False,2289.0,-1.0,-1.0,-0.04366812227074579,4.0,4.785714285714286,8893.0,True
2025-04-13,5.0,26.0,10.0,2283,3.0,False,False,2309.0,7.0,20.0,0.8737439930100566,3.5714285714285716,5.214285714285714,8900.0,True
2025-04-14,5.0,26.0,9.0,2282,13.0,False,False,2308.0,-4.0,-1.0,-0.04330879168471524,3.5714285714285716,4.0,8900.0,True
2025-04-15,4.0,19.0,12.0,2286,7.0,False,False,2305.0,5.0,-3.0,-0.12998266897746857,3.7142857142857144,3.5714285714285716,8905.0,True
2025-04-16,11.0,30.0,5.0,2291,8.0,False,False,2321.0,-3.0,16.0,0.694143167028205,2.857142857142857,3.142857142857143,8905.0,True
2025-04-17,7.0,26.0,10.0,2288,14.0,False,False,2314.0,-4.0,-7.0,-0.30159414045669575,1.5714285714285714,2.642857142857143,8905.0,True
2025-04-20,4.0,15.0,6.0,2305,4.0,False,False,2320.0,2.0,6.0,0.2592912705272177,0.2857142857142857,3.142857142857143,8907.0,True
2025-04-21,10.0,25.0,5.0,2308,6.0,False,False,2333.0,-1.0,13.0,0.5603448275862011,0.2857142857142857,2.142857142857143,8907.0,True
2025-04-22,7.0,19.0,14.0,2305,17.0,False,False,2324.0,-3.0,-9.0,-0.385769395627944,-1.1428571428571428,1.2142857142857142,8907.0,True
2025-04-23,3.0,23.0,4.0,2300,11.0,False,False,2323.0,-7.0,-1.0,-0.0430292598967319,-1.5714285714285714,1.0,8907.0,True
2025-04-24,3.0,9.0,7.0,2294,13.0,False,False,2303.0,-6.0,-20.0,-0.860955660783469,-3.142857142857143,0.2857142857142857,8907.0,True
2025-04-27,9.0,40.0,12.0,2301,4.0,False,False,2341.0,8.0,38.0,1.6500217108119886,-1.5714285714285714,0.6428571428571429,8915.0,True
2025-04-28,6.0,26.0,12.0,2307,8.0,False,False,2333.0,4.0,-8.0,-0.34173430158052076,-0.42857142857142855,0.5714285714285714,8919.0,True
2025-04-29,11.0,25.0,11.0,2304,15.0,False,False,2329.0,-4.0,-4.0,-0.17145306472353683,-1.2857142857142858,-0.5,8919.0,True
2025-04-30,7.0,34.0,9.0,2309,12.0,False,False,2343.0,-3.0,14.0,0.6011163589523472,-1.5714285714285714,-0.6428571428571429,8919.0,True
2025-05-01,13.0,32.0,14.0,2306,16.0,False,False,2338.0,-2.0,-5.0,-0.21340162185232714,-1.4285714285714286,-1.2857142857142858,8919.0,True
2025-05-04,9.0,31.0,10.0,2335,5.0,False,False,2366.0,5.0,28.0,1.1976047904191711,0.2857142857142857,-0.6428571428571429,8924.0,True
2025-05-05,15.0,44.0,20.0,2331,17.0,False,False,2375.0,3.0,9.0,0.3803888419273038,1.5714285714285714,-0.7857142857142857,8927.0,True
2025-05-06,10.0,33.0,16.0,2339,16.0,False,False,2372.0,0.0,-3.0,-0.1263157894736855,0.42857142857142855,-0.5714285714285714,8927.0,True
2025-05-07,10.0,30.0,15.0,2335,10.0,False,False,2365.0,5.0,-7.0,-0.295109612141653,0.5714285714285714,0.07142857142857142,8932.0,True
2025-05-08,15.0,24.0,16.0,2361,11.0,False,False,2385.0,5.0,20.0,0.8456659619450413,1.8571428571428572,0.2857142857142857,8937.0,True
2025-05-11,15.0,20.0,12.0,2385,3.0,False,False,2405.0,9.0,20.0,0.8385744234800763,3.5714285714285716,1.0,8946.0,True
2025-05-12,7.0,33.0,14.0,2392,7.0,False,False,2425.0,7.0,20.0,0.8316008316008316,4.857142857142857,1.7142857142857142,8953.0,True
2025-05-13,18.0,29.0,12.0,2394,11.0,False,False,2423.0,1.0,-2.0,-0.08247422680411898,4.285714285714286,2.2857142857142856,8954.0,True
2025-05-14,7.0,30.0,14.0,2394,11.0,False,False,2424.0,3.0,1.0,0.04127115146512761,4.285714285714286,2.9285714285714284,8957.0,True
2025-05-15,15.0,31.0,14.0,2410,14.0,False,False,2441.0,0.0,17.0,0.7013201320132056,4.285714285714286,2.357142857142857,8957.0,True
2025-05-18,13.0,28.0,14.0,2437,9.0,False,False,2465.0,5.0,24.0,0.9832036050798854,4.285714285714286,2.4285714285714284,8962.0,True
2025-05-19,7.0,27.0,17.0,2457,6.0,False,False,2484.0,11.0,19.0,0.7707910750507141,5.142857142857143,3.5,8973.0,True
2025-05-21,14.0,62.0,13.0,2467,18.0,False,False,2529.0,-5.0,45.0,1.8115942028985588,3.142857142857143,3.357142857142857,8973.0,True
2025-05-22,18.0,36.0,17.0,2473,15.0,False,False,2509.0,2.0,-20.0,-0.7908264136022192,2.4285714285714284,3.642857142857143,8975.0,True
2025-05-27,6.0,24.0,7.0,2504,11.0,False,False,2528.0,-4.0,19.0,0.757273814268622,1.7142857142857142,3.0,8975.0,True
2025-05-28,12.0,39.0,12.0,2499,14.0,False,False,2538.0,-2.0,10.0,0.39556962025315556,1.0,2.642857142857143,8975.0,True
2025-05-29,13.0,38.0,15.0,2506,11.0,False,False,2544.0,4.0,6.0,0.23640661938533203,1.5714285714285714,2.9285714285714284,8979.0,True
2025-06-01,8.0,24.0,16.0,2528,12.0,False,False,2552.0,4.0,8.0,0.3144654088050425,1.4285714285714286,2.857142857142857,8983.0,True
2025-06-02,10.0,19.0,5.0,2518,16.0,False,False,2537.0,-11.0,-15.0,-0.5877742946708508,-1.7142857142857142,1.7142857142857142,8983.0,True
2025-06-03,5.0,23.0,11.0,2519,15.0,False,False,2542.0,-4.0,5.0,0.19708316909736734,-1.5714285714285714,0.7857142857142857,8983.0,True
2025-06-04,4.0,16.0,9.0,2516,16.0,False,False,2532.0,-7.0,-10.0,-0.3933910306844979,-2.857142857142857,-0.21428571428571427,8983.0,True
2025-06-05,8.0,26.0,5.0,2503,21.0,False,False,2529.0,-16.0,-3.0,-0.11848341232227888,-4.571428571428571,-1.4285714285714286,8983.0,True
2025-06-08,10.0,16.0,15.0,2507,13.0,False,False,2523.0,2.0,-6.0,-0.23724792408066353,-4.0,-1.5,8985.0,True
2025-06-09,8.0,21.0,14.0,2516,9.0,False,False,2537.0,5.0,14.0,0.5548949663099378,-3.857142857142857,-1.1428571428571428,8990.0,True
2025-06-10,17.0,28.0,7.0,2511,12.0,False,False,2539.0,-5.0,2.0,0.07883326763893361,-5.142857142857143,-1.8571428571428572,8990.0,True
2025-06-17,7.0,24.0,10.0,2523,14.0,False,False,2547.0,-4.0,8.0,0.3150846790074935,-4.142857142857143,-2.9285714285714284,8990.0,True
2025-06-19,8.0,19.0,7.0,2501,18.0,False,False,2520.0,-11.0,-27.0,-1.0600706713780883,-5.142857142857143,-3.357142857142857,8990.0,True
2025-06-22,7.0,13.0,5.0,2508,7.0,False,False,2521.0,-2.0,1.0,0.03968253968253954,-4.428571428571429,-3.642857142857143,8990.0,True
2025-06-23,3.0,15.0,5.0,2495,17.0,False,False,2510.0,-12.0,-11.0,-0.4363347877826218,-3.857142857142857,-4.214285714285714,8990.0,True
2025-06-24,5.0,20.0,5.0,2489,16.0,False,False,2509.0,-11.0,-1.0,-0.03984063745019473,-5.714285714285714,-4.857142857142857,8990.0,True
2025-06-25,6.0,12.0,2.0,2470,24.0,False,False,2482.0,-22.0,-27.0,-1.0761259465922657,-9.571428571428571,-6.714285714285714,8990.0,True
2025-06-26,3.0,9.0,7.0,2447,35.0,False,False,2456.0,-28.0,-26.0,-1.0475423045930743,-12.857142857142858,-9.0,8990.0,True
2025-06-29,5.0,17.0,7.0,2413,20.0,False,False,2430.0,-13.0,-26.0,-1.0586319218241047,-14.142857142857142,-9.142857142857142,8990.0,True
2025-06-30,9.0,22.0,8.0,2407,16.0,False,False,2429.0,-8.0,-1.0,-0.04115226337448874,-13.714285714285714,-9.428571428571429,8990.0,True
2025-07-01,7.0,14.0,6.0,2391,22.0,False,False,2405.0,-16.0,-24.0,-0.9880609304240395,-15.714285714285714,-10.071428571428571,8990.0,True
2025-07-02,8.0,20.0,9.0,2373,38.0,False,False,2393.0,-29.0,-12.0,-0.498960498960499,-18.142857142857142,-11.0,8990.0,True
2025-07-06,4.0,17.0,2.0,2332,8.0,False,False,2349.0,-6.0,-44.0,-1.8386961972419513,-17.428571428571427,-11.571428571428571,8990.0,True
2025-07-07,3.0,18.0,8.0,2317,20.0,False,False,2335.0,-12.0,-14.0,-0.5959982971477262,-16.0,-12.785714285714286,8990.0,True
2025-07-08,5.0,16.0,8.0,2306,20.0,False,False,2322.0,-12.0,-13.0,-0.5567451820128522,-13.714285714285714,-13.285714285714286,8990.0,True
2025-07-09,2.0,18.0,0.0,2281,32.0,False,False,2299.0,-32.0,-23.0,-0.9905254091300608,-16.428571428571427,-15.285714285714286,8990.0,True
2025-07-10,2.0,12.0,3.0,2252,39.0,False,False,2264.0,-36.0,-35.0,-1.5224010439321423,-20.428571428571427,-17.071428571428573,8990.0,True
2025-07-13,1.0,13.0,4.0,2204,10.0,False,False,2217.0,-6.0,-47.0,-2.075971731448767,-19.0,-17.357142857142858,8990.0,True
2025-07-14,2.0,9.0,1.0,2181,26.0,False,False,2190.0,-25.0,-27.0,-1.2178619756427644,-18.428571428571427,-18.285714285714285,8990.0,True
2025-07-15,0.0,8.0,5.0,2171,17.0,False,False,2179.0,-12.0,-11.0,-0.5022831050228271,-19.285714285714285,-18.357142857142858,8990.0,True
2025-07-16,1.0,9.0,0.0,2164,11.0,False,False,2173.0,-11.0,-6.0,-0.275355667737498,-19.142857142857142,-17.571428571428573,8990.0,True
2025-07-17,3.0,16.0,2.0,2153,17.0,False,False,2169.0,-15.0,-4.0,-0.18407731247124248,-19.571428571428573,-16.642857142857142,8990.0,True
2025-07-21,4.0,18.0,7.0,2121,16.0,False,False,2139.0,-9.0,-30.0,-1.3831258644536604,-16.285714285714285,-16.357142857142858,8990.0,True
2025-07-22,5.0,13.0,3.0,2117,16.0,False,False,2130.0,-13.0,-9.0,-0.42075736325385416,-13.0,-16.714285714285715,8990.0,True
2025-07-23,6.0,21.0,5.0,2111,14.0,False,False,2132.0,-9.0,2.0,0.09389671361501595,-13.428571428571429,-16.214285714285715,8990.0,True
2025-07-24,6.0,18.0,7.0,2096,29.0,False,False,2114.0,-22.0,-18.0,-0.8442776735459678,-13.0,-15.714285714285714,8990.0,True
2025-07-27,1.0,12.0,2.0,2088,4.0,False,False,2100.0,-2.0,-14.0,-0.6622516556291425,-11.571428571428571,-15.428571428571429,8990.0,True
2025-07-28,2.0,9.0,3.0,2080,14.0,False,False,2089.0,-11.0,-11.0,-0.5238095238095264,-11.571428571428571,-15.357142857142858,8990.0,True
2025-07-29,2.0,8.0,3.0,2072,12.0,False,False,2080.0,-9.0,-9.0,-0.43082814743896636,-10.714285714285714,-15.142857142857142,8990.0,True
2025-07-30,4.0,15.0,4.0,2063,16.0,False,False,2078.0,-12.0,-2.0,-0.09615384615384581,-11.142857142857142,-13.714285714285714,8990.0,True
2025-07-31,2.0,9.0,6.0,2058,15.0,False,False,2067.0,-9.0,-11.0,-0.5293551491819093,-10.571428571428571,-11.785714285714286,8990.0,True
2025-08-03,5.0,26.0,3.0,2049,5.0,False,False,2075.0,-2.0,8.0,0.38703434929849845,-9.571428571428571,-11.5,8990.0,True
2025-08-04,5.0,22.0,11.0,2040,14.0,False,False,2062.0,-3.0,-13.0,-0.6265060240963849,-6.857142857142857,-9.928571428571429,8990.0,True
2025-08-05,2.0,21.0,10.0,2042,14.0,False,False,2063.0,-4.0,1.0,0.04849660523762456,-7.142857142857143,-9.357142857142858,8990.0,True
2025-08-06,4.0,17.0,3.0,2036,13.0,False,False,2053.0,-10.0,-10.0,-0.4847309743092554,-7.0,-9.285714285714286,8990.0,True
2025-08-07,4.0,18.0,6.0,2031,17.0,False,False,2049.0,-11.0,-4.0,-0.1948368241597609,-7.285714285714286,-9.0,8990.0,True
2025-08-10,0.0,18.0,8.0,2006,12.0,False,False,2024.0,-4.0,-25.0,-1.2201073694485087,-6.142857142857143,-8.642857142857142,8990.0,True
2025-08-11,6.0,23.0,4.0,1999,16.0,False,False,2022.0,-12.0,-2.0,-0.09881422924901129,-6.571428571428571,-8.571428571428571,8990.0,True
2025-08-12,8.0,38.0,9.0,1999,9.0,False,False,2037.0,0.0,15.0,0.7418397626112849,-6.285714285714286,-7.928571428571429,8990.0,True
2025-08-13,6.0,22.0,12.0,1997,17.0,False,False,2019.0,-5.0,-18.0,-0.8836524300441795,-6.571428571428571,-6.714285714285714,8990.0,True
2025-08-14,3.0,27.0,4.0,1994,11.0,False,False,2021.0,-7.0,2.0,0.0990589400693409,-7.0,-7.071428571428571,8990.0,True
2025-08-17,4.0,14.0,2.0,1991,3.0,False,False,2005.0,-1.0,-16.0,-0.7916872835230127,-5.714285714285714,-6.357142857142857,8990.0,True
2025-08-18,4.0,20.0,6.0,1985,14.0,False,False,2005.0,-8.0,0.0,0.0,-5.285714285714286,-6.285714285714286,8990.0,True
2025-08-19,5.0,35.0,3.0,1980,11.0,False,False,2015.0,-8.0,10.0,0.4987531172069737,-5.857142857142857,-6.0,8990.0,True
2025-08-20,10.0,38.0,10.0,1983,10.0,False,False,2021.0,0.0,6.0,0.29776674937964653,-4.142857142857143,-5.357142857142857,8990.0,True
2025-08-21,6.0,49.0,8.0,1972,21.0,False,False,2021.0,-13.0,0.0,0.0,-6.0,-6.142857142857143,8990.0,True
2025-08-24,4.0,21.0,5.0,1981,5.0,False,False,2002.0,0.0,-19.0,-0.9401286491835692,-5.285714285714286,-5.928571428571429,8990.0,True
2025-08-25,8.0,30.0,8.0,1980,11.0,False,False,2010.0,-3.0,8.0,0.3996003996004083,-4.714285714285714,-5.857142857142857,8990.0,True
2025-08-26,10.0,21.0,20.0,1989,15.0,False,False,2010.0,5.0,0.0,0.0,-3.857142857142857,-4.785714285714286,8995.0,True
2025-08-27,5.0,19.0,9.0,1988,19.0,False,False,2007.0,-10.0,-3.0,-0.14925373134327957,-4.142857142857143,-4.714285714285714,8995.0,True
2025-08-28,8.0,33.0,6.0,1984,17.0,False,False,2017.0,-11.0,10.0,0.49825610363727346,-4.571428571428571,-5.214285714285714,8995.0,True
2025-09-01,10.0,29.0,17.0,2010,5.0,False,False,2039.0,12.0,22.0,1.0907288051561714,-2.857142857142857,-3.5,9007.0,True
2025-09-02,6.0,35.0,9.0,2020,9.0,False,False,2055.0,0.0,16.0,0.7846983815595898,-1.0,-3.5,9007.0,True
2025-09-03,4.0,29.0,11.0,2019,10.0,False,False,2048.0,1.0,-7.0,-0.3406326034063212,-0.8571428571428571,-3.0714285714285716,9008.0,True
2025-09-04,11.0,40.0,2.0,2015,14.0,False,False,2055.0,-12.0,7.0,0.341796875,-2.142857142857143,-3.4285714285714284,9008.0,True
2025-09-07,4.0,19.0,9.0,2026,7.0,False,False,2045.0,2.0,-10.0,-0.48661800486617945,-2.5714285714285716,-3.2142857142857144,9010.0,True
2025-09-08,7.0,25.0,5.0,2025,6.0,False,False,2050.0,-1.0,5.0,0.24449877750611915,-1.2857142857142858,-2.7142857142857144,9010.0,True
2025-09-09,18.0,42.0,11.0,2023,14.0,False,False,2065.0,-3.0,15.0,0.7317073170731714,-0.14285714285714285,-2.357142857142857,9010.0,True
2025-09-10,10.0,47.0,14.0,2025,18.0,False,False,2072.0,-4.0,7.0,0.3389830508474523,-2.4285714285714284,-2.642857142857143,9010.0,True
2025-09-11,12.0,38.0,29.0,2047,6.0,False,False,2085.0,23.0,13.0,0.6274131274131234,0.8571428571428571,-0.07142857142857142,9033.0,True
2025-09-14,7.0,39.0,13.0,2083,5.0,False,False,2122.0,8.0,37.0,1.7745803357314127,1.8571428571428572,0.5,9041.0,True
2025-09-15,9.0,47.0,10.0,2086,10.0,False,False,2133.0,0.0,11.0,0.5183788878416529,3.5714285714285716,0.7142857142857143,9041.0,True
2025-09-16,7.0,28.0,17.0,2095,12.0,False,False,2123.0,5.0,-10.0,-0.46882325363337696,4.0,0.7142857142857143,9046.0,True
2025-09-17,7.0,38.0,5.0,2096,13.0,False,False,2134.0,-8.0,11.0,0.5181347150259086,3.0,0.8571428571428571,9046.0,True
2025-09-18,20.0,52.0,11.0,2096,14.0,False,False,2148.0,-3.0,14.0,0.6560449859418949,3.0,1.4285714285714286,9046.0,True
2025-09-21,8.0,35.0,13.0,2134,5.0,False,False,2169.0,8.0,21.0,0.9776536312849249,4.714285714285714,1.1428571428571428,9054.0,True
2025-09-22,17.0,40.0,14.0,2141,10.0,False,False,2181.0,4.0,12.0,0.5532503457814641,2.0,1.4285714285714286,9058.0,True
2025-09-23,11.0,36.0,10.0,2145,15.0,False,False,2181.0,-5.0,0.0,0.0,0.14285714285714285,1.0,9058.0,True
2025-09-24,3.0,38.0,12.0,2138,17.0,False,False,2176.0,-5.0,-5.0,-0.22925263640531934,-0.5714285714285714,1.5,9058.0,True
2025-09-25,6.0,35.0,12.0,2132,18.0,False,False,2167.0,-6.0,-9.0,-0.4136029411764719,-2.142857142857143,0.9285714285714286,9058.0,True
2025-09-28,11.0,29.0,12.0,2146,9.0,False,False,2175.0,3.0,8.0,0.369173973234882,-0.5714285714285714,1.2142857142857142,9061.0,True
2025-09-29,8.0,35.0,12.0,2148,13.0,False,False,2183.0,-1.0,8.0,0.36781609195402076,-0.2857142857142857,1.3571428571428572,9061.0,True
2025-09-30,8.0,32.0,12.0,2159,7.0,False,False,2191.0,5.0,8.0,0.3664681630783262,-0.7142857142857143,2.0,9066.0,True
2025-10-01,4.0,33.0,12.0,2163,14.0,False,False,2196.0,-2.0,5.0,0.22820629849384932,-1.5714285714285714,0.21428571428571427,9066.0,True
2025-10-02,20.0,51.0,15.0,2164,16.0,False,False,2215.0,-1.0,19.0,0.8652094717668479,-1.0,-0.42857142857142855,9066.0,True
2025-10-05,8.0,28.0,13.0,2180,16.0,False,False,2208.0,-3.0,-7.0,-0.31602708803611934,-0.7142857142857143,-0.6428571428571429,9066.0,True
2025-10-06,5.0,33.0,15.0,2187,10.0,False,False,2220.0,5.0,12.0,0.5434782608695565,0.8571428571428571,-0.6428571428571429,9071.0,True
2025-10-07,11.0,45.0,4.0,2189,10.0,False,False,2234.0,-6.0,14.0,0.6306306306306242,-0.42857142857142855,-0.5,9071.0,True
2025-10-08,8.0,49.0,15.0,2192,17.0,False,False,2241.0,-2.0,7.0,0.3133393017009878,-0.5714285714285714,-0.42857142857142855,9071.0,True
2025-10-09,11.0,55.0,13.0,2192,12.0,False,False,2247.0,1.0,6.0,0.2677376171352108,-1.1428571428571428,-0.9285714285714286,9072.0,True
2025-10-13,8.0,24.0,7.0,2223,6.0,False,False,2247.0,1.0,0.0,0.0,-0.7142857142857143,-1.1428571428571428,9073.0,True
2025-10-14,7.0,30.0,16.0,2235,8.0,False,False,2265.0,8.0,18.0,0.8010680907877266,0.5714285714285714,-0.21428571428571427,9081.0,True
2025-10-15,8.0,29.0,10.0,2225,15.0,False,False,2254.0,-5.0,-11.0,-0.4856512141280356,0.2857142857142857,-0.21428571428571427,9081.0,True
2025-10-16,9.0,33.0,15.0,2233,9.0,False,False,2266.0,6.0,12.0,0.5323868677906018,0.42857142857142855,0.6428571428571429,9087.0,True
2025-10-19,9.0,34.0,17.0,2237,7.0,False,False,2271.0,10.0,5.0,0.22065313327448433,2.7142857142857144,1.1428571428571428,9097.0,True
2025-10-20,10.0,39.0,6.0,2243,7.0,False,False,2282.0,-1.0,11.0,0.484368119771017,2.857142857142857,1.1428571428571428,9097.0,True
2025-10-21,13.0,39.0,17.0,2251,9.0,False,False,2290.0,8.0,8.0,0.35056967572304476,3.857142857142857,1.3571428571428572,9105.0,True
2025-10-22,12.0,42.0,13.0,2261,12.0,False,False,2303.0,1.0,13.0,0.5676855895196509,3.857142857142857,1.5714285714285714,9106.0,True
2025-10-23,4.0,27.0,26.0,2266,18.0,False,False,2293.0,8.0,-10.0,-0.43421623968736833,3.857142857142857,2.2142857142857144,9114.0,True
2025-10-26,4.0,35.0,12.0,2276,10.0,False,False,2311.0,2.0,18.0,0.7849978194504947,4.857142857142857,2.5714285714285716,9116.0,True
2025-10-27,2.0,31.0,8.0,2282,11.0,False,False,2313.0,-3.0,2.0,0.08654262224145892,3.5714285714285716,2.0,9116.0,True
2025-10-28,6.0,22.0,11.0,2286,6.0,False,False,2308.0,5.0,-5.0,-0.2161694768698652,2.857142857142857,2.7857142857142856,9121.0,True
2025-10-29,6.0,25.0,4.0,2280,17.0,False,False,2305.0,-13.0,-3.0,-0.12998266897746857,1.1428571428571428,2.0,9121.0,True
2025-10-30,3.0,17.0,14.0,2287,12.0,False,False,2304.0,2.0,-1.0,-0.04338394793925726,0.2857142857142857,2.0714285714285716,9123.0,True
2025-11-02,5.0,21.0,10.0,2277,7.0,False,False,2298.0,3.0,-6.0,-0.26041666666666297,0.5714285714285714,2.2142857142857144,9126.0,True
2025-11-03,3.0,28.0,5.0,2269,12.0,False,False,2297.0,-7.0,-1.0,-0.04351610095735259,-1.5714285714285714,1.1428571428571428,9126.0,True
2025-11-04,6.0,33.0,6.0,2270,8.0,False,False,2303.0,-2.0,6.0,0.2612102742707956,-2.142857142857143,1.3571428571428572,9126.0,True
2025-11-05,8.0,41.0,8.0,2272,7.0,False,False,2313.0,1.0,10.0,0.43421623968735723,-1.5714285714285714,1.0,9127.0,True
2025-11-06,6.0,33.0,9.0,2264,19.0,False,False,2297.0,-10.0,-16.0,-0.6917423259835687,-3.7142857142857144,-0.42857142857142855,9127.0,True
2025-11-09,11.0,33.0,5.0,2294,4.0,False,False,2327.0,1.0,30.0,1.3060513713539335,-1.7142857142857142,-0.2857142857142857,9128.0,True
2025-11-11,11.0,39.0,12.0,2294,14.0,False,False,2333.0,-2.0,6.0,0.25784271594326835,-2.2857142857142856,-1.0,9128.0,True
2025-11-12,14.0,48.0,20.0,2302,7.0,False,False,2350.0,13.0,17.0,0.7286755250750065,-0.8571428571428571,-0.14285714285714285,9141.0,True
2025-11-13,6.0,26.0,16.0,2317,5.0,False,False,2343.0,11.0,-7.0,-0.29787234042553123,1.7142857142857142,0.07142857142857142,9152.0,True
2025-11-16,5.0,22.0,3.0,2340,5.0,False,False,2362.0,-2.0,19.0,0.8109261630388387,1.7142857142857142,-0.21428571428571427,9152.0,True
2025-11-17,1.0,35.0,6.0,2343,8.0,False,False,2378.0,-2.0,16.0,0.6773920406435208,1.2857142857142858,-0.14285714285714285,9152.0,True
2025-11-18,2.0,38.0,8.0,2345,12.0,False,False,2383.0,-4.0,5.0,0.2102607232968845,2.142857142857143,-0.7857142857142857,9152.0,True
2025-11-19,7.0,32.0,3.0,2340,10.0,False,False,2372.0,-7.0,-11.0,-0.46160302140159093,1.0,-0.35714285714285715,9152.0,True
2025-11-20,18.0,57.0,8.0,2340,9.0,False,False,2397.0,-1.0,25.0,1.0539629005059004,1.1428571428571428,-0.5714285714285714,9152.0,True
2025-11-23,3.0,46.0,22.0,2375,1.0,False,False,2421.0,21.0,24.0,1.001251564455563,2.2857142857142856,0.7142857142857143,9173.0,True
2025-11-24,9.0,40.0,9.0,2371,13.0,False,False,2411.0,-4.0,-10.0,-0.41305245766212195,0.14285714285714285,0.9285714285714286,9173.0,True
2025-11-25,6.0,47.0,14.0,2375,11.0,False,False,2422.0,3.0,11.0,0.45624222314393226,0.8571428571428571,1.2857142857142858,9176.0,True
2025-11-27,4.0,24.0,8.0,2389,7.0,False,False,2413.0,1.0,-9.0,-0.37159372419488523,1.2857142857142858,1.2857142857142858,9177.0,True
2025-11-30,4.0,18.0,10.0,2415,0.0,False,False,2433.0,10.0,20.0,0.8288437629506928,3.2857142857142856,2.7142857142857144,9187.0,True
2025-12-01,4.0,26.0,4.0,2410,9.0,False,False,2436.0,-5.0,3.0,0.12330456226881115,3.5714285714285716,2.2857142857142856,9187.0,True
2025-12-02,7.0,34.0,6.0,2407,8.0,False,False,2441.0,-2.0,5.0,0.20525451559934016,3.4285714285714284,2.2857142857142856,9187.0,True
2025-12-03,4.0,32.0,8.0,2419,7.0,False,False,2451.0,1.0,10.0,0.4096681687832948,0.5714285714285714,1.4285714285714286,9188.0,True
2025-12-04,16.0,39.0,7.0,2418,13.0,False,False,2457.0,-6.0,6.0,0.244798041615657,0.2857142857142857,0.21428571428571427,9188.0,True
2025-12-07,4.0,24.0,13.0,2429,12.0,False,False,2453.0,1.0,-4.0,-0.16280016280015852,0.0,0.42857142857142855,9189.0,True
2025-12-08,9.0,27.0,9.0,2440,4.0,False,False,2467.0,5.0,14.0,0.570729718711771,0.5714285714285714,0.9285714285714286,9194.0,True
2025-12-09,4.0,30.0,7.0,2443,8.0,False,False,2473.0,-1.0,6.0,0.2432103769760774,-1.0,1.1428571428571428,9194.0,True
2025-12-10,10.0,54.0,5.0,2439,9.0,False,False,2493.0,-4.0,20.0,0.8087343307723316,-0.8571428571428571,1.3571428571428572,9194.0,True
2025-12-11,7.0,47.0,9.0,2437,10.0,False,False,2484.0,-1.0,-9.0,-0.3610108303249149,-0.7142857142857143,1.3571428571428572,9194.0,True
2025-12-14,8.0,35.0,4.0,2462,8.0,False,False,2497.0,-4.0,13.0,0.523349436392917,-1.4285714285714286,-0.42857142857142855,9194.0,True
2025-12-15,11.0,42.0,9.0,2470,7.0,False,False,2512.0,2.0,15.0,0.6007208650380402,-0.2857142857142857,0.0,9196.0,True
2025-12-16,8.0,54.0,15.0,2468,9.0,False,False,2522.0,6.0,10.0,0.398089171974525,0.42857142857142855,0.21428571428571427,9202.0,True
2025-12-17,7.0,31.0,11.0,2481,10.0,False,False,2512.0,1.0,-10.0,-0.3965107057890549,-0.14285714285714285,0.21428571428571427,9203.0,True
2025-12-18,11.0,50.0,6.0,2472,16.0,False,False,2522.0,-10.0,10.0,0.398089171974525,-1.4285714285714286,-1.2142857142857142,9203.0,True
2025-12-21,6.0,18.0,11.0,2484,14.0,False,False,2502.0,-3.0,-20.0,-0.7930214115781098,-1.2857142857142858,-1.0714285714285714,9203.0,True
